text,actual,predicted,error_type
 yum. Do you do home delivery,positive,neutral,positive -> neutral
Having a wonderful piece of cake for lunch - what else could I want???,positive,neutral,positive -> neutral
" Don`t worry, you`ll get your stamina back soon  What kind of distances do you run usually?",positive,neutral,positive -> neutral
shack idol today(: can`t wait. it`s gonna be funnn poor cameron. he fell ON A BAR in speech today. i felt so bad for him,neutral,negative,neutral -> negative
" Awww, *hugs* I wish I could help.",negative,positive,negative -> positive
2 hours after teleconference. but can`t go back to sleep. got some work to do. sigh sigh,negative,neutral,negative -> neutral
i don`t know the guys on radio disney have so much energy. i wouldn`t be able to do it  <3,neutral,negative,neutral -> negative
 **** Frat - that`s too bad...  Should be a good show (at least I`m hoping so) esp. since it`s in BK...,neutral,positive,neutral -> positive
"6:29 pm - ok, let`s go now through #bowman #strategicClock but first.. a break :-0 aargh.. tired",negative,neutral,negative -> neutral
"MIT bookstore has best book selection, but it`s the one bookstore I have no coupons or discounts for",positive,neutral,positive -> neutral
when living in Spain..you can NEVER take a hot shower for granted..luckily I have nice friends across the street,positive,neutral,positive -> neutral
And it`s starting to get cold,neutral,negative,neutral -> negative
_Jamie I guess  ! I was really suprised..,positive,neutral,positive -> neutral
"Rachel Allens date bars, so easy to make   http://twitpic.com/4jas7",positive,neutral,positive -> neutral
_KittyKat hello new follower  haha!! how are ya?,positive,neutral,positive -> neutral
i want so bad to go to the mcfly`s concert,positive,neutral,positive -> neutral
 I can`t believe you tweeted that. It was our special moment,negative,positive,negative -> positive
 I just KNEW you`d get that!,positive,neutral,positive -> neutral
babysitting kids who won`t let me play wii with them,negative,neutral,negative -> neutral
 not nerdy at all. I made one yesterday.,neutral,negative,neutral -> negative
[-O] i wish the birthday massacre would come to australia  i think they said they`re thinking about it tho.. http://tinyurl.com/p6lfch,neutral,positive,neutral -> positive
"I definitely missed listening to The Spill Canvas, I miss seeing them live as well  'Now I`m in stitches ooooover you and oooover you, oh'",negative,neutral,negative -> neutral
"_terrible haha, that was new  the fact that he couldn`t do it should have cost his part. What kind of Spock is that!",neutral,negative,neutral -> negative
white-water rafting in the tripics,neutral,negative,neutral -> negative
Went to get my car inspection sticker got gigantic red R one. Just keep piling it on. I can take it. Don`t worry about me. I`ll be ok.,positive,negative,positive -> negative
"_x Hey 'Cameron', I know it was amazing and I have sunburn too  So my mum isn`t happy,, . & my throat kills . . Still <3 it",neutral,positive,neutral -> positive
 ask  to create a fake competetion and declare you the winner and then gift you a return ticket courtesy the producers.,negative,neutral,negative -> neutral
"thers not many peole tweeting tonight... well suppose it is friday...evry normal person is out partyin, but im skint",negative,neutral,negative -> neutral
" Thank a Chu?t ï¿½  Ch?c v?y quï¿½, hik, ch?c em ph?i ?i h?c 1 khï¿½a ph? c?p ki?n th?c c? khï¿½ g?p =.=",positive,neutral,positive -> neutral
" - l`d come if u could, but Australia is just too far away",negative,neutral,negative -> neutral
" 'A hike in the woods with four little kids couldn`t be that exhausting, right? Wrong.'  LOL.. Try downright masochistic!",neutral,negative,neutral -> negative
" Aww   I know, we used to chat but you became too cool for me ;)",neutral,positive,neutral -> positive
"Heading off to Hollywood Studios today  Manta and Kraken were both awesome yesterday, feeling like doing a few more rides!!",positive,neutral,positive -> neutral
My teeth and my eye hurt   someone make them feel better,neutral,positive,neutral -> positive
 my gut feel says its gonna be a boy ababa,neutral,negative,neutral -> negative
 DAMMIT! lets have a private session,negative,neutral,negative -> neutral
why bother  at celebs? eh? cause it`s almost like talking to them,negative,neutral,negative -> neutral
"Home until tomorrow. Did my running and spinning. Now time for chiropractor, laundry, shopping, and visiting family. Missing nathan",negative,neutral,negative -> neutral
not ideal bank holiday conditions.. a little over cast and rainy but perfect for a lazy day with a dvd,negative,neutral,negative -> neutral
"got through two thirds of new moon in three days, now on to eclipse..........then more work  assignments sadly dnt write them selves.",negative,neutral,negative -> neutral
 I think they are disgusting,negative,neutral,negative -> neutral
_Happy_EmoX lmao. Lucky! It`s 10 minutes on foot for me  ewww..... School.lol. On the bus now.,negative,positive,negative -> positive
why won`t the kids sleep,negative,neutral,negative -> neutral
My Sharpie is running DANGERously low on ink,negative,neutral,negative -> neutral
I need to be sleeping.. But i`m not even tired..,neutral,negative,neutral -> negative
I wish I could just go for a drive..or a movie or the store..I just wanna be alone,negative,positive,negative -> positive
Okay one of my ears popped so now I know what everything sounds like and everything is reall loud,neutral,positive,neutral -> positive
 i meant i cnt help but stop chattin wid her.....    gud dat u noe everything.... so do u think its fair????,neutral,negative,neutral -> negative
"Thank goodness for starbucks iced coffee...I was feeling so sluggish today, I think its this awful LA weather",neutral,positive,neutral -> positive
lucky to be where i belong,positive,neutral,positive -> neutral
 Dont worry man. You`ll see me just as much this week as you did last week.,positive,neutral,positive -> neutral
"oooh battlestar galactica is on the other channel. it`s the rebellion episode! man, i feel so sad about what became of gaeta.  i liked him",neutral,negative,neutral -> negative
can`t make it to graduation...,negative,neutral,negative -> neutral
i DID argue with byron because he said im fat,negative,neutral,negative -> neutral
Last day for seniors bye bff,negative,neutral,negative -> neutral
Feel like **** today   Got a speeding ticket 1st since 5 years...blows!!!!!!!,negative,neutral,negative -> neutral
  that`s why I need to be there...To represent the Blackberries,positive,neutral,positive -> neutral
_violence heyyyy babyy,negative,neutral,negative -> neutral
"it`s you and me forever ?, it`s you and me right now   flywithmeobsessive. Im crying",negative,neutral,negative -> neutral
working again today  but off tomorrow for dan`s party! yay!,positive,neutral,positive -> neutral
Got home from audition awhile ago. I think it went pretty well  Now my math homework is calling my name -.-`,positive,neutral,positive -> neutral
 jealous  it looks like schindler`s list in toronto,negative,neutral,negative -> neutral
_mactastic I dunno ;p How`d I end up waking up at 2 am? It`s a mysterious world,negative,neutral,negative -> neutral
 i love those boys. i missed the chat yesterday  it was the firts & only one i`ll miss though! <333 Nick Jonas <3333,neutral,negative,neutral -> negative
 64 degrees would be a dream. it`s 75 in Boise still.,neutral,negative,neutral -> negative
My cat died of kidney failure during my math test  This day needs to get better.,neutral,negative,neutral -> negative
Well can ya please send some luvin to    im sensing deep fiery anger surrounding his presence right now...,positive,neutral,positive -> neutral
Stressed out fro work and having a drink,negative,neutral,negative -> neutral
" this has been like the never ending story....all I seem to be doing is packing and now unpacking!!! Soon over, great here",neutral,negative,neutral -> negative
" me too  she better be back soon! dude, this is my typical bedtime. but look who is talking! what are YOU doing up so late?",negative,neutral,negative -> neutral
 He`s my mother`s favorite. It was so hard telling her.,neutral,positive,neutral -> positive
Off to England during the summer holidays this year.... yay!,positive,neutral,positive -> neutral
friday night is my fav night of the week but now I have to go to stupid dog training classes,positive,neutral,positive -> neutral
" very much so  You know I am coming now on Thursday too right, are there door sales ??",neutral,positive,neutral -> positive
 Thanx sis I`ll b sure to let them know how many people r praying w/them...,positive,neutral,positive -> neutral
" alas, I am moving   (like where i`m moving too, but the actual moving, ugh) wish I could go too!",positive,negative,positive -> negative
 aww... sorry for both of you.  May the LORD give you strength and rest today!,neutral,negative,neutral -> negative
"Fyi- putting makeup on under flourescents = FAIL. ... oh face-peely, why must you look so hideous? Also, wheres my lipstick?",negative,neutral,negative -> neutral
 ......when I find chays keys  im gonna clean my room up tomorrow. They`ll pop up,neutral,negative,neutral -> negative
2pm today is Quiz Time at the Goat! Game shows to play and prizes to be won! Plus `Toss Off Tommy` for free drinks! Today from 2! x,positive,neutral,positive -> neutral
Home with Maddie  I`m tired.. Goin` to bed afterwards,negative,neutral,negative -> neutral
looking at tabs for all of the 'Boys Like Girls' songs,neutral,positive,neutral -> positive
 Heh... I send dem when I get dem Jen... I was shocked I found so many these last few days... earlier in the week nothing...,negative,neutral,negative -> neutral
 http://twitpic.com/4vw9a - lol wow I`m watching X-men: The last Stand right now too,neutral,positive,neutral -> positive
 don`t be worried! I`m safe and sound!  <3 you!,positive,negative,positive -> negative
" Hahahaha! I didn`t know it said that, sheeeeittt! I don`t get why I can`t have a picture... bwaaaahhh",negative,neutral,negative -> neutral
I`m packed up & leaving my Canterbury office & my fab QA&V colleagues for the last time   A great bunch of people. I will miss you ****,neutral,negative,neutral -> negative
Sometimes I wish I was a warden,neutral,positive,neutral -> positive
" talk to me isn`t a good idea?  i`m going to buy a gift to my friend, so you have 20 mins...",neutral,positive,neutral -> positive
In KL now took wrong turn after Sg Besi now jam in city center,neutral,negative,neutral -> negative
"its from all that **** ****, i forgot the lube. ****  may need to go to the E.R.",neutral,negative,neutral -> negative
"Getting some DMs asking where I fell off to the past few days  I was sick, but am all better now. I appreciate the concern! Game On!",positive,neutral,positive -> neutral
Today is 777 days until LeakyCon 2011. Awesome number but I wish it wasn`t so far away,positive,neutral,positive -> neutral
"i want to go out tonight, but i ain`t go no money and no one to go with   any takers???",negative,neutral,negative -> neutral
i no i no bt i had only been a gamer for like 2 years when i made that attempt  lol yea i luvd F1 to an extent ,positive,neutral,positive -> neutral
 Oh cool! When is Alpha 1.18 coming out? Auto-connect was the feature I wanted to request,positive,neutral,positive -> neutral
  sowwy. Lover you,positive,neutral,positive -> neutral
" pleaase dont start dating her, that would suck, then disney kids would listen to ftsk. thanks",neutral,positive,neutral -> positive
"  i used to live by the ocean, i shoulda gone to the beach more often",neutral,positive,neutral -> positive
I loved johnny carson now I`m going to hate seeing jay leno go  (via ) that`s what I was waiting for someone to say!,neutral,negative,neutral -> negative
"I`m uploading some videos to youtube, will give link once I get more loaded. Variety from my daily life, not amazing but fun to watch",neutral,positive,neutral -> positive
 i thought you would win!  Fabulously40 have some bots on her side?,negative,neutral,negative -> neutral
" Oh, don`t spoil my fun, lol",negative,positive,negative -> positive
is on twitter for the second day running. This is what study leave does to me! If only my car were in one piece,negative,neutral,negative -> neutral
Took a long nap...I feel like I should still be asleep,neutral,negative,neutral -> negative
"JONAS is awesome! I just watched Groovy Movies  Frankie,, was weird lol",neutral,positive,neutral -> positive
 stinks  what do you do anyway?,negative,neutral,negative -> neutral
"_J i soo dont wanna work tmrw!  ...only on a half day tho so hopefully the sun will stay out for me! Gonna go get showered, tweet l8rs",positive,neutral,positive -> neutral
Sadness  The top horde guild that I liked disbanded.,negative,positive,negative -> positive
Attending Matthew`s Senior Day for recognition and I`m so not ready for this.,neutral,negative,neutral -> negative
White House?  This thing`s a lifesaver: http://snipurl.com/hkuj9,positive,neutral,positive -> neutral
is going out for dinner... just the two of us... niceeeee,positive,neutral,positive -> neutral
 aww what kind of dog do u have? I have a chihuahua named Zoey,positive,neutral,positive -> neutral
Was eating a manderin. But it`s all gone now!,negative,neutral,negative -> neutral
So glad the days almost over... Another nite of me nd my pain pills alone at the crib lol. Ughh I wish this weekend was over alreadi!,negative,positive,negative -> positive
 Or he`s gonna chop you up into tiny bits - one of the two,negative,neutral,negative -> neutral
Oh thank god!  so sad that I`m this happy.,neutral,negative,neutral -> negative
_ listen to FTSK  they stop my bordum  haha how was your day? finished crying about Harold? ha ****,negative,neutral,negative -> neutral
13 hours til i`m on a plane. Ahhh yay,positive,neutral,positive -> neutral
Very content with my life at the moment,neutral,positive,neutral -> positive
No more high school...,neutral,negative,neutral -> negative
" http://79.170.44.101/buma.ro/ temporary address not working either, m8. They must have done something to the domain",neutral,negative,neutral -> negative
Wow... my god the whole UI is sooo much snappier. It`s more responsive than TweetDeck now!  Tweets feel like IMs lol,neutral,positive,neutral -> positive
" yeah, it`s a bit 80s silly at points but i love it",neutral,positive,neutral -> positive
Have just bought a TV tuner for my laptop.  He he.  I deserve a present,positive,neutral,positive -> neutral
_WOCKEEZ I wanna go! But I won`t be there  I`m sure that the show will be great!!,positive,neutral,positive -> neutral
_PopuLarEnt awww boog u aint been on in a min....hey to ya.  but that`s whats up enjoy ya`ll selves especially your lil cousin.,positive,neutral,positive -> neutral
awwww..I love him! His car was soooo CUTE tonight!! I love me some Carl..My 10yr old is sad now..LOL..,neutral,positive,neutral -> positive
" Sorry your day was so bad   Gettin the drink on, good plan!",neutral,negative,neutral -> negative
Memorizing the first 18 lines of the General Prologue of The Canterbury Tales. Ughhh.,neutral,negative,neutral -> negative
 Welcome back!,neutral,positive,neutral -> positive
"cower failure: when you mean to comply, but stand up for yourself instead",negative,neutral,negative -> neutral
Going to bed. Talk to ya later!  goodnight birdies LOL,positive,neutral,positive -> neutral
 and to you too!!!!,neutral,positive,neutral -> positive
Had a nice dinner with the hubby and now on our way home  45 min drive out of the city. *sigh*,positive,neutral,positive -> neutral
I`m so glad my concert is still a week away...I`m getting so sick and I need the time to recover!! My lungs hurt so bad right now,neutral,negative,neutral -> negative
#3wordsaftersex goodbye innocence!!!,positive,neutral,positive -> neutral
 I think is The parent trap & High school musical!!,neutral,negative,neutral -> negative
"Want: Trip to Boston next month. Need: Addit`l motivation to save the $ to do so.  Beloved daughter wants to go with, which = 2x the $.",positive,neutral,positive -> neutral
 I realised when I got home that I left mine in your fridge - you`re welcome to have it if you like.,positive,neutral,positive -> neutral
greeeeeeeeeeeat  this summer i have four classes...if you know me...u know why,positive,neutral,positive -> neutral
Sometimes I wish I had my own Prototype mentor.,neutral,negative,neutral -> negative
"seriously underrated.. `porridge`, the best breakfast in the world... ever. doesn`t need to be gloopy, as long as it is made just right",neutral,positive,neutral -> positive
" it`s the small things in life that count, like being on a blur photograph of google streetview..  keep following !!!",positive,neutral,positive -> neutral
 I`ve missed one this year(!). It`s the forbidden fruit. Of all the trees in the garden I munch in disappointment on that one.,negative,neutral,negative -> neutral
"I don`t have MTV,. What am I going to DO?!! fmlllll",negative,neutral,negative -> neutral
 I actually meant to type 'end of September' but I was in the middle of a conversation with someone and I cant multitask,neutral,negative,neutral -> negative
"_shantz heyy shantell!  twitter is cool, thats why! and guess what!! i followed britney spears, and she followed me back!",positive,neutral,positive -> neutral
" dude, I can safely say I was blown away when I heard Attics. I`ll make sure I pass it on as much as I can!",positive,neutral,positive -> neutral
I`ve lost my pocket knife  Suggestions for replacing a Ken Onion Chive?,neutral,negative,neutral -> negative
 That version is not compatible with Vista.,neutral,negative,neutral -> negative
 phone updated and she`s got a camcorder on her phone now--mine hasn`t updated chit  that ain`t fair .,neutral,negative,neutral -> negative
Just spent the evening at a gala for her high school drama company`s 20th anniversary. Lots of memories,positive,neutral,positive -> neutral
has two tickets to Amadou and Miriam for Tue. June 2 that I can`t use  $25 each to anyone who wants `em. That`s face value. Should be good,positive,neutral,positive -> neutral
_Music I was not hugged,negative,neutral,negative -> neutral
Hope I get a job cuz we need an apartment. I`m drunk & miss my lil punkin  TEHE!!!,neutral,negative,neutral -> negative
 oh ok cool will get back to you on that,neutral,positive,neutral -> positive
I thought when u go #2 your tummy is supposed to feel better not worse,neutral,negative,neutral -> negative
  no one told me the mutual admiration society was meeting this morning! LOL  Hi boys!,negative,neutral,negative -> neutral
Another interview... Please somebody hire me?! But I`m late,negative,neutral,negative -> neutral
"$900 cheque to cash tomorrow, why I didn`t get it in the bank I have no idea. Feel safe to get the 500D now though  woooo",positive,neutral,positive -> neutral
 just answered you- never learned how to write in French- just basic stuff-,negative,neutral,negative -> neutral
Sunburnt  Gutted! Hope it`s faded by tmw!,negative,positive,negative -> positive
 He`s my boxing trainer. Although I think the bruise came from me hitting myself on something. Ow,negative,neutral,negative -> neutral
 it`s kind of hard to see a pic of a doggie if the pic doesn`t exist,negative,neutral,negative -> neutral
"Oops, forgot we are having a barbecue at work today! I didn`t need to pack a lunch after all",negative,neutral,negative -> neutral
I wish I could go to E3.  Oh well....,neutral,positive,neutral -> positive
ItS fRiDaY... I cAn`T wAiT tO bE dOnE wItH wOrK!!! Stuck here till 11,negative,neutral,negative -> neutral
 I`m not in America! I`m not going anymore  You phoned earlier?,neutral,negative,neutral -> negative
Victor drew Hannah Montanna in my yearbook.hahaha. I`m going to miss my 2nd per SO much,neutral,negative,neutral -> negative
 we are tooo fly boo,neutral,negative,neutral -> negative
GETTING A PUPPYYY!!!!  What should I name him? I think Romeo is cute.,positive,neutral,positive -> neutral
I`m terrified about the surgery next week,negative,neutral,negative -> neutral
Beautiful morning here in the mountains,positive,neutral,positive -> neutral
Counting the minutes when my dad`s g-friend is leaving,neutral,negative,neutral -> negative
I`m pretty sure Isis has a tapeworm.  So she`s allowed to snuggle with me all she wants tonight.,neutral,positive,neutral -> positive
It`s supposed to be even hotter today than yesterday.  Wearing shorts to work.,neutral,negative,neutral -> negative
"I`ve done nothing today apart from moan,whinge,moan",negative,neutral,negative -> neutral
" haha it`s ok. i really don`t like getting to other businesses so its Ok,",negative,neutral,negative -> neutral
Getting AxKit running on Ubuntu 8.04 is making my head explode.,negative,neutral,negative -> neutral
Feeling smooth like chrome,positive,negative,positive -> negative
 when u do get at me i will show u all the hotspots there is no where i dont kno when it comes to shoppin here lol,positive,neutral,positive -> neutral
almost died. Laptop screen was set to 100% brightness after I reinstalled Windows Vista. Got a headache now  #insanedefaults,positive,negative,positive -> negative
"All this talk of buttershots has me wanting some!  Maybe I`ll have a small bit over ice, I haven`t had any since faire.",neutral,negative,neutral -> negative
"Is about to go in the garden, weeding, mulching, cutting down and anything else that I find to do",neutral,negative,neutral -> negative
What? I focused on Tom so much I didn`t see my beloved Barack! Oh no! I must vote for both! Poor president only has 626 votes.,neutral,negative,neutral -> negative
Working 930a-730p today. 1.5 hour lunch..8.5 hours work. Overtime = good. The fact that I`m already dead tired = very bad.,neutral,negative,neutral -> negative
"  We are of like minds this evening , my dear!",neutral,positive,neutral -> positive
@ it hurts me that my sister has so much potential and she isnt using any of it  what a waste of God-given talent.,neutral,negative,neutral -> negative
i should be 'bus stalking' right now..i soo wish i were still meeting  today,neutral,positive,neutral -> positive
"dont worry baby i`ll eat sum cake for the both of us , i`ll hit u up wen i get back. bye, dont eat too much at home",neutral,positive,neutral -> positive
"You want ittt, you got ittt!",positive,neutral,positive -> neutral
Having a light depression. Just payed an extra bill from last years taxes... Must find a country with a tax that is lower than 56%,negative,neutral,negative -> neutral
favorite shirt ruined:death by bleach  #fb,negative,neutral,negative -> neutral
Dancing was alright todayy still doing Jai Ho!!,positive,neutral,positive -> neutral
im contacting PAWS Philippines so i can find 'tiger' a new owner. im so sad. i love my dog soo much,neutral,negative,neutral -> negative
is 99% sober at Brittney`s with Becky and Brit  <3,negative,neutral,negative -> neutral
 awww  well I am here...just in case...I am not like THE PERFECT FUNNY FRIEND but I`m here hehe,neutral,positive,neutral -> positive
"has the urge to go shopping.hmmm but i`ve got no money,how?",negative,neutral,negative -> neutral
not really in the twitter mood today... i don`t know what to do,neutral,negative,neutral -> negative
may the forth be with you,neutral,positive,neutral -> positive
 http://twitpic.com/662vk -  WHY DO U LOT MOCK ME!!!,negative,neutral,negative -> neutral
167 SQL queries to display one single deal page on OzBargain. Looks like I`ll have fun optimising it!  Bad bad Drupal...,positive,negative,positive -> negative
"Bank Holiday Bliss - Jeremy Kyle, without even bothering the Sky+",positive,negative,positive -> negative
Rejecting all food substances.,negative,neutral,negative -> neutral
no school today! that`s greeeeeat!,positive,neutral,positive -> neutral
omg J.O.N.A.S. is my new fave show <3 one guess as to why hahahha,positive,neutral,positive -> neutral
"It`s 6 am, I haven`t been to bed yet, and I just got my second wind.  Guess I should edit or read or something until I feel tired huh?",neutral,negative,neutral -> negative
 then i kill Bradies gf and have Bradie,negative,neutral,negative -> neutral
 boo i`m a week late  how long u in town for?,neutral,negative,neutral -> negative
_paige aww hey! I didn`t know this was you! LOL. I`m sick. No outtie for me.,negative,neutral,negative -> neutral
Off to class .... Longggg day,negative,neutral,negative -> neutral
 gooood we miss you!!  hope you had fun w/the in-laws haha,neutral,positive,neutral -> positive
"Feeling so rough today, just want a cuddle and some sleep",negative,neutral,negative -> neutral
 awww  don`t do this to meee haha now you`re gonna make me saddd,neutral,positive,neutral -> positive
i neeeeeeeed music suggestions but no one will give them,neutral,negative,neutral -> negative
 I dont have no plans Just to go home and watch the Game. Plus I still have to work early so cant be out partying too late,neutral,negative,neutral -> negative
They never cease to amaze me.,positive,neutral,positive -> neutral
"I wonder if she knows how shallow, airy & dumb her tweets make her sound. I guess not b/c if she did...she`d probably stop",negative,neutral,negative -> neutral
Mmmm Ham  Yummy! I have hat hair...Stupid Deli ._.,neutral,negative,neutral -> negative
Burnt from the lake,neutral,negative,neutral -> negative
 too kind Jim too kind brother,positive,neutral,positive -> neutral
  I`m bummed to miss you.   Hope you enjoy your writing conf. tho!,negative,positive,negative -> positive
Jeff & I are looking for long lasting love! Just not with each other we both like Men,positive,neutral,positive -> neutral
" I`ve heard of disgruntled investors, but calling you a 'hoe'? That seems totally out of line",negative,neutral,negative -> neutral
" so wish I was there with ya, but at 6:48am Belgian time I was sleeping...time diff sucks. Take me there!",negative,neutral,negative -> neutral
dangit. LSU w/ a 7-spot in B7 now leads Southern 8-2.  Was intentionally not mentioning anything and it got jinxed anyhow.,negative,neutral,negative -> neutral
Yao is out for the rest of the season! NOOO!..staying home on a Saturday night...SHOCK....got my phone fixed,negative,neutral,negative -> neutral
Playing with my puppy,positive,neutral,positive -> neutral
is off to get the boy and then to his doc. Persistent coughs are not good.  http://plurk.com/p/x285t,negative,neutral,negative -> neutral
"Just got done with my first day of work and is exsausted, sweaty, and chalky.",negative,neutral,negative -> neutral
now going to watch the brand new episode of `The Hills`  cant wait!!,neutral,positive,neutral -> positive
Work around the house  boo,negative,neutral,negative -> neutral
 haha you are just as bad as I am.... Well perhaps a little less retarded . I am attempting to knit myself gloves this winter,neutral,negative,neutral -> negative
 You know we do!,neutral,positive,neutral -> positive
Everyone`s talking about the goodies at #BEA09.  I wanna be there.,positive,neutral,positive -> neutral
IM FEELIN RITE.. THE MOOD FLOR TWITTER AFTER DARK...,neutral,negative,neutral -> negative
 IM SOWWIE I WAS A LIL LATE  LOL it looked good though ;),neutral,positive,neutral -> positive
I`m taking a twitter break. Cell is dying,negative,neutral,negative -> neutral
 My windows open and its not that cold ahahah,positive,negative,positive -> negative
sleep? what`s sleep again? I`ve seem to have forgottten the meaning. too much on my mind. or it`s just my usual insonmia.,neutral,negative,neutral -> negative
 That`s what I like to hear. I am unabashedly not cool. That`s what makes me so cool byw  #logic,neutral,positive,neutral -> positive
 thanx 4 thee follow,positive,neutral,positive -> neutral
 I wasn`t near him.,neutral,negative,neutral -> negative
Slipped up and caught the flu  feeling like poop!,negative,neutral,negative -> neutral
 OHH. haha ok thanks,neutral,positive,neutral -> positive
 darn open source software and it`s security holes,neutral,negative,neutral -> negative
_RachineA oh so you said you good-byes and hugs  my dad left around 4 in the morning so I woke up to an empty house i`m pretty scared.,negative,positive,negative -> positive
Can`t seem to find the new Mountain Dew Throwback in 12 packs....only in 1 liter bottles,neutral,negative,neutral -> negative
 and i have cheese and no chips.,negative,neutral,negative -> neutral
so...i really want to be home right now.,positive,negative,positive -> negative
"Sitting, wondering, & wishing for a bunch of stuff that will never be",neutral,positive,neutral -> positive
Ouch...waited to long to get eyebrows waxed,negative,neutral,negative -> neutral
 I have no idea  I`m watching Rafa too. Running to the comp ever to often to check live score. he`s 3-2 down in the third.,negative,neutral,negative -> neutral
 super stressful day & can`t sleep...glad I found you your so sweet to take the time to make strangers feel good.,neutral,positive,neutral -> positive
"finally gone to the beach, yeaaaah!",positive,neutral,positive -> neutral
My children have promised me birthday brekkie in bed. There`s a problem with that in that there`s bugger all food in the house,negative,neutral,negative -> neutral
Zach G. gets an extensive profile in this weekend`s NY Times Magazine. The chances of us falling in love are getting fewer and fewer.,negative,positive,negative -> positive
 I think the x3 is confusing ;-) can`t believe that many peeps will know that it should be a heart,negative,neutral,negative -> neutral
 i totally owe you a week of on-call duties.  i appreciate not having those while jill is in town,positive,neutral,positive -> neutral
"Allianz interview went well, got a rejection from MOD though  .... going to be a long weekend as I hear from Allianz on Monday",positive,neutral,positive -> neutral
 http://twitpic.com/4jbba - ohhh someone likes to play with their food.... heehee,positive,neutral,positive -> neutral
"And, I`m accumulating money again, so I can use a fancy finance app. Thinking of getting another CD or an IRA.  saving for a house. crazy!",positive,negative,positive -> negative
 pmsl ... We had **** everywhere too. But NO More. Love it. My wool stash today though,neutral,positive,neutral -> positive
omg...did I just see a tweet from Miss Bonnie??? amazing...my phone died yesterday...and oster has alltel  I miss you,neutral,negative,neutral -> negative
counting the minutes until I can go home,negative,neutral,negative -> neutral
" say hi to me, i`m depressed cause i cant see you",negative,neutral,negative -> neutral
just cried all the way through the final episode of ER... and the `previously on ER` documentary about it!,negative,positive,negative -> positive
 How inconsiderate!,negative,neutral,negative -> neutral
good morning twitterworld!  slept too less..,negative,positive,negative -> positive
Aaaah did you see Prez Obama holding hands with his wifey? Soooo romantic even in White House.....,positive,neutral,positive -> neutral
 SS & i r @ the devon horse show. gettin` mostly rained out. lots of events have ben cancelled incl the coaches,neutral,negative,neutral -> negative
Missed the UPS guy again! Ugh so sad  But i got some cool stuff today that i`m super excited about! And looking forward to tonight too,neutral,negative,neutral -> negative
 funny u havent showed me any love yet at all,neutral,positive,neutral -> positive
 shweeeeet!,positive,neutral,positive -> neutral
Bottle of reisling this time... My favorite!,positive,neutral,positive -> neutral
_Doll Yes! I live in Milwaukee and would love to attend a closing talk,positive,neutral,positive -> neutral
can u believe the architect who planned a tar-black promenade in this small town won an international prize?and everyone who walks & jogs,positive,neutral,positive -> neutral
Hey #socialmediatv ugh no way to do video>blah {pouts}   (Social Media TV live > http://ustre.am/2NjV),negative,neutral,negative -> neutral
"The sun is shining brightly and the day has just begun! What`s in store? Wandering around les calanques maybe? Vin, definitely!",positive,neutral,positive -> neutral
Really!,neutral,negative,neutral -> negative
"Double rainbow above the Organs. Pretty, but doesn`t take the edge off my $460 grocery tab.",positive,neutral,positive -> neutral
wants to go out tonight but cant get home,negative,neutral,negative -> neutral
My husband thinks my Twittering makes me a creeper... whatever.,negative,neutral,negative -> neutral
Good morning/afternoon/night to all.....studying as usual!,neutral,positive,neutral -> positive
 lol fine by me  long as its not the scary dude its all good,neutral,positive,neutral -> positive
Another night of not sleeping,neutral,negative,neutral -> negative
 I`m more upset about the fact that 2010 is the last year,negative,positive,negative -> positive
"'Hi Im Jonathan from Spotify, 4 just 9.99 a month u cn have unlimited music w/ no interuptions' But I luv r little chats J, dont leave me",positive,neutral,positive -> neutral
 cool. I`m tempted too see it again  I feel sorry for JB though because there were hardly any people,neutral,negative,neutral -> negative
 I love it. Tell me it didn`t match my shirt perfectly. Can you just not move PLEASE? What am I supposed to do without you?,positive,negative,positive -> negative
Wish i was famous like some of d people im following,neutral,positive,neutral -> positive
" Gleneagles then champagne receptions....can`t beat it! I`m in alone, my tea was rubbish and Ive been doing housework",negative,neutral,negative -> neutral
 i know... I don`t want to be left in our home by myself during the weekend...,negative,neutral,negative -> neutral
"Power Outage, door to freezer propped open, 3G ice cream make for slippy floor  M-er F-er!!",negative,neutral,negative -> neutral
Steam Punlk fashion show at Anime North and for the first year since TorCon we aren`t back til  & missed it,negative,neutral,negative -> neutral
I SO should`ve gone right now!!! *wish I could alter time!!  *,negative,positive,negative -> positive
 you didn`t give out #followfriday advice like i told you?,neutral,negative,neutral -> negative
 and Radio X 96.1 is going all sports next month. Radio is dead.  #grandrapids,negative,neutral,negative -> neutral
http://twitpic.com/4wjai - Joe`s the photographer of the family. Rehearsing is always fun. For the first couple of days it is at least.,positive,neutral,positive -> neutral
I got the ticket dismissed,positive,neutral,positive -> neutral
"_luciano jailbreak went great, just not a tremendous amount of apps ready for 3.0 though. No winterboard yet",positive,neutral,positive -> neutral
"Jason Mraz is still serenading me, while I read 'Judicial Supervision of Executive Action in the Commonwealth Caribbean'.  BBL!",positive,neutral,positive -> neutral
"Nothin better then ridin in a car with your sister while blasting TH, CB and Lady Gaga so loud you cant hear yourself screamin the lyrics",positive,neutral,positive -> neutral
" : Hi, there! I`m sorry for not telling you  Let`s meet up! With _meirizka too. You promised to treat us! XD",neutral,negative,neutral -> negative
_ENVY how come you dont think you did good?!,neutral,positive,neutral -> positive
", Whered you end up going? I stayed in & watched SNL, one of the funnier shows theyve done this season.",positive,neutral,positive -> neutral
 Lol at the VATS on The Insiders,positive,neutral,positive -> neutral
im back to this z-index problem...again,negative,neutral,negative -> neutral
The bus is rolling along faster than expected. I might make it home by 6:15. Maybe.,positive,neutral,positive -> neutral
 Good morning! I certainly did,neutral,positive,neutral -> positive
Haven`t a clue about this twitter!,neutral,negative,neutral -> negative
 what do i have? lots of stuff.,neutral,negative,neutral -> negative
Site of our first date - Macri`s Deli - closed.  Lunching at favorite local Greek spot - The Trojan Horse - instead.,positive,neutral,positive -> neutral
Having dinner at Jiuliani`s with family YUM!!!,positive,neutral,positive -> neutral
 Red? wtf happened to dark blue + black stripes?,negative,neutral,negative -> neutral
A message from  Could you let people know I have been booted off,negative,neutral,negative -> neutral
She has an awsome voice. Bored nothin to do i should really consider  going back to school yeah right i`d rather cry of boredom  forever,neutral,negative,neutral -> negative
 nah the lights killed the mood now you got to get out my bed,negative,neutral,negative -> neutral
 cool !! actually i believe T.I. has just begun his jail sentence in arkansas,positive,neutral,positive -> neutral
morrrning. time for school. (: time to learn!,positive,neutral,positive -> neutral
"I`m loving the fact that there is tension on the set of Iron Man 2, poor Gwenyth can`t handle being in Scarlett`s shadow",neutral,negative,neutral -> negative
"so disappointed with human kind   'What`s wrong with the world?'  I have five girls in the garden, innocently enjoying the good weather...",neutral,positive,neutral -> positive
victory for the bulldogs was celebrated by 3 white chocolate cheesecakes  nom nom nom WHATTA FATTYYY,negative,positive,negative -> positive
"Of course, the Evil Day Job wants me to stay longer.  I need to win the lottery.",positive,neutral,positive -> neutral
Will be flying to Ontario in 4 hours!Will probably stay awake.I will be there for a 8 days...Camping 4 the first time YAY!I am sleepy now,positive,neutral,positive -> neutral
wtf?! my tweets aren`t posting   super excited about the weekend! <3jfg.,negative,positive,negative -> positive
"It feels like it should be a Bank Holiday weekend!  I bet it is in France, they`re always on holiday...",neutral,positive,neutral -> positive
@_Glitter_  kk but 4 sum reason its not lettin me vote 4 them,negative,neutral,negative -> neutral
 I`m like so upset with you.. haha.. you never told me the 411..,neutral,negative,neutral -> negative
_Laurie sorry to hear about a horrible weekend! It can only get better! Keep smiling.,neutral,negative,neutral -> negative
Don`t 4 get to call your moms tomorrow...mothers day,neutral,positive,neutral -> positive
 Ouch. Better get used to it. I think 22 to 25 are prime marriage years.,negative,neutral,negative -> neutral
types too fast for her own good. and has been craving pizza for 2+ wks. GAH i hate not having a job i want pizza!  lmaoz why me?!,neutral,negative,neutral -> negative
y must i hve graduation practice...all im gonna is walk,neutral,negative,neutral -> negative
just got back from six flags  wicked fun. even tho i almost died!,negative,neutral,negative -> neutral
liking my fake tan orange colour,positive,neutral,positive -> neutral
"I have to admit, I`m a bit bummed out that I wasn`t with my friends walking today....",negative,neutral,negative -> neutral
 I missed you guys this morning. I`m in Tacoma w/ no KGW to start my day.,negative,neutral,negative -> neutral
 No sucky,neutral,negative,neutral -> negative
 Yum...wish we could be there today. I have a cold and don`t want to infect others...so we will miss our Friday session.,neutral,negative,neutral -> negative
 me and Arlando are totally done. I havn`e talked to him in a LONG time!Now I just have to find a `worth while` man...,neutral,negative,neutral -> negative
 naw idk what ur talkin about,neutral,negative,neutral -> negative
Funniest desktop ever: http://mobypicture.com/?ee2ij3 this way I can see my collegue.,positive,neutral,positive -> neutral
 are u planning on doing cardio for 1.5 hrs? If so that`s very reasonable  whatcha do last night?,positive,neutral,positive -> neutral
"walking the dog on horseforth park, no hangover on a Sunday morning, yay!!",positive,neutral,positive -> neutral
" 'arrest her' or, anything ending in -est that can be done to her.",negative,neutral,negative -> neutral
my computer at work is not working...booo... need a new one!  TGIF!,neutral,negative,neutral -> negative
Ppl dont miss out on me on this Follow Superstar Sunday,neutral,negative,neutral -> negative
Yes we Can  make it ......Obama,positive,neutral,positive -> neutral
 can we please?,positive,neutral,positive -> neutral
 well you scared me saying there may be rustling in the trees!  Happy Sunday to you sir,neutral,positive,neutral -> positive
i need a jb but i dread the fact that it will have to be retail this summer,negative,neutral,negative -> neutral
"Is finally home, fed and ready to go to bed and its only 2:45am.  That`s gotta be a record",positive,neutral,positive -> neutral
its castiel!!!!  [ the angle ],positive,neutral,positive -> neutral
"7846 - almost catching  up, so gonna kick her ****, and woop i will b joing the 10k mile high club soon",negative,neutral,negative -> neutral
recovering from being sick ... anyone want to bring me soup?,positive,negative,positive -> negative
"Plane tickets to UK and everywhere in Europe are BEYOND cheap (for June-Oct!!), but there`s NO gig in the near future announced yet",positive,neutral,positive -> neutral
" oh, joy. We have the Elmo potty video too.",positive,neutral,positive -> neutral
"Apple is also rotten in the center, just my luck",negative,neutral,negative -> neutral
Mount dishes have been conquered. Dish land is ours,positive,neutral,positive -> neutral
"on my 42nd written ****.. i get less ideas every day, and every day",negative,neutral,negative -> neutral
" i do i do, i feel absoulutley fine",positive,negative,positive -> negative
 I am jealous...Ur koi fish are getting ur attention & I`m not.....lmao   I`m kidding!!,neutral,negative,neutral -> negative
 Obviously not too bad,negative,neutral,negative -> neutral
I`m at work,neutral,negative,neutral -> negative
"friday here at last, not much fun when your skint though",negative,neutral,negative -> neutral
 mon ami since 5 years young  I loveeee her. Foreverrr,positive,neutral,positive -> neutral
Oh my `Mix Khichadi` seems to be ready now .. time for Lunch  !,neutral,negative,neutral -> negative
_morley where are you? In Bris? I can`t hear any thunder,negative,neutral,negative -> neutral
"houstatlantavegas, sooner than later, nov. 18th, a night off, successful . over and over for the last 2837 hours - heavennn",positive,neutral,positive -> neutral
_Jo my mask is non-existent at the mo  Charis didn`t send me one & I haven`t been bothered to make one! I`m wearing boy clothes!,positive,negative,positive -> negative
Farewell dinner with my kimmy. Last time i`ll see her in a while,negative,neutral,negative -> neutral
" Think wearing bermudas at the cinema wasn`t a good idea after all, but outside was humid like cwazy!",negative,neutral,negative -> neutral
"I told andrew that JT is going to cameo @ MTV movie awards. He said, 'he`s pissing me off.' guess they`re in a fight",negative,neutral,negative -> neutral
playing the game of watching straight people hook up but can`t leave because of another reason,neutral,negative,neutral -> negative
very malakas ang ulan. how will i go to fort,neutral,negative,neutral -> negative
I am sitting here taking a little break and trying to recharge so I can continue housework,positive,neutral,positive -> neutral
 omg you`ve never seen `the Ring` its a creppy **** movie,negative,neutral,negative -> neutral
 miss chatting with you,negative,neutral,negative -> neutral
 its ok..i was kinda feeling ignored anyway  And its sunday arvo 330pm. Going out for Lunch & WINE!,negative,neutral,negative -> neutral
"_3 U know - kids do what we DO - not what we SAY ... well, don`t we all, really  ....",positive,neutral,positive -> neutral
 I want to talk with but the calls are so expensive  I LOVE YOU,neutral,positive,neutral -> positive
wishes that she has a private jet so that she can go see her BFF @ times like this.. ok ok..ot really thinking of carbon footprint here.,neutral,positive,neutral -> positive
My wife can`t get on the guest list for tomorrows show because it doesn`t exist. LAME. I guess no wife at the show.,negative,neutral,negative -> neutral
Pretty happy with how things have changed over the past 2 months...definitely for the best,neutral,positive,neutral -> positive
"Went for run, my sinuses are pissing me off",negative,neutral,negative -> neutral
 The ball is in motion. I have to type up concepts in outline format we could develop those to ensure we deliver greatness,positive,neutral,positive -> neutral
 hypnotyst .... hmmmm... i should beware..,negative,neutral,negative -> neutral
Tried on all the shoes in new look,neutral,negative,neutral -> negative
"Oh, as usual, I should warn my new followers that I tend to over-tweet during #canucks games. Apologies in advance.",negative,neutral,negative -> neutral
_1990 i kno i came in coz the sun kept going behind the clouds but now it has come back  sat in my window now on the floor lol,neutral,negative,neutral -> negative
@ the San Antonio Missions game waitressing. Not a huge crowd.  Meaning a slow game.,neutral,negative,neutral -> negative
didn`t know the statue in the Venetian was a real man and screamed so loud everyone laughed,neutral,negative,neutral -> negative
"Radio:ACTIVE never gets old and never will  this is the 4th time i have listened to the cd (its on repeat) today, and still love it! =D",positive,neutral,positive -> neutral
*pokes and runs away* ... I WANT SUGAR !,negative,neutral,negative -> neutral
_lord But that means you`ll leave me alone.,neutral,negative,neutral -> negative
 huh what the ****? Smelly? Noooo. I love alex Vixon,neutral,positive,neutral -> positive
_of_Chas good mornin sunshine...at least the work puter will go faster,neutral,positive,neutral -> positive
 ah  Hate it when that happens! The Race to Erase MS is this week. Are you going?,negative,neutral,negative -> neutral
6 freakin days!!  Just a thought...what would I have to look forward to after this?,negative,neutral,negative -> neutral
 ohhh yea it is from the same film  and this one had been a fave for a longgggg time... any1 for humma humma?,positive,neutral,positive -> neutral
"Getting used to getting up in the cold, but my asthma is paying for it.",negative,neutral,negative -> neutral
learning to play guitar is one of the best things I have done out of boredom,positive,neutral,positive -> neutral
Right now at my second gig !!! Sippinn on guess whut ? Water  we sta focused we are on the job,positive,neutral,positive -> neutral
 Ok.. so what do you think of a snapshot befoooore the vid recording on Seesmic so the ladies dont look like freaks? just sayin,negative,neutral,negative -> neutral
 I think it goes against everything i thought the olympic spirit of Team GB is/was,negative,neutral,negative -> neutral
"Dlukasrossi Lukas- your amazing wife, her updates are locked! Hard to convince people to follow protected profiles,",positive,neutral,positive -> neutral
 i can almost imagine what the call taker must`ve felt like taking that call...especially if they have young ones at home.,neutral,negative,neutral -> negative
" dude, come on... at least rotate that ****!",negative,neutral,negative -> neutral
Getting really guilty,negative,neutral,negative -> neutral
ans so the lion.......kicked the dogs ****!!!!,negative,neutral,negative -> neutral
Long to-do list. Little desire to do it all.,negative,neutral,negative -> neutral
"Mom just 'he`d' me. *sigh* She`s wonderful, and it was just a slip, but you`d think after coming with for my surgery it might go away...",neutral,positive,neutral -> positive
  Hello there hope your over your flu now,positive,neutral,positive -> neutral
Im wishing that i had the weekend off so i can go to SOL.,positive,neutral,positive -> neutral
"aw! I`m gonna miss my old username... nick jonas, shontelle layne, and sean kingston replied to my OLD USERNAME!  I`m gonna start all over",neutral,negative,neutral -> negative
 I want to SOOOOOOO BAD!!!,neutral,negative,neutral -> negative
ahh yes the obligations of a vampire kept me away from twitter.but now i`m back & will try 2 update as much as possible.i lost a donor,negative,neutral,negative -> neutral
"*uh* totally forgot the gentoo reinstallation  don`t know what i should backup. the make.conf, my home and /boot. nothing else..?",neutral,negative,neutral -> negative
" ah its getting there  still a fair bit to go, but it`s coming together fairly well! aw  where are you from?",positive,neutral,positive -> neutral
is going to see wolverine and is a lil bit excited,positive,neutral,positive -> neutral
"3 hours sleep last night, all of my being wants to crawl into a ball somewhere and sleep for about 5 more hours. At work till six too",negative,neutral,negative -> neutral
" haha nice! I heard it`s a sweet hotel. On another note, not a good game last night",neutral,positive,neutral -> positive
 is a lumberjack  http://twitpic.com/4wqe8,neutral,negative,neutral -> negative
"_Cordon LOL, you`re welcome",neutral,positive,neutral -> positive
Rele doesnt want to leave lfpa.,neutral,negative,neutral -> negative
 better check YouTube,neutral,positive,neutral -> positive
How are YOU convinced that I have always wanted you? What signals did I give off...**** I think I just lost another friend,negative,neutral,negative -> neutral
Phone went in the toilet   The truth is I`m surprised is hasn`t happen sooner!,neutral,negative,neutral -> negative
 we miss you in SE Asia. Come visit us when you have time.,negative,neutral,negative -> neutral
" Sons of ****, why couldn`t they put them on the releases we already bought",negative,neutral,negative -> neutral
Thankful for last minute doc appointments... Baby girl has a temp of 105.+  sitting at the doc`s waitin`,positive,neutral,positive -> neutral
mm it was cold in your shadow anyway. Ooh monday,neutral,positive,neutral -> positive
 omg me 2 !! Haha i was half an hour late 4 work whoops !! Hahaha i h8 workin sat mornins,negative,neutral,negative -> neutral
why yes jeeves. bring me that noose there  TOO MANY ASSIGNMENTS!,negative,neutral,negative -> neutral
dont wanna work tonight,negative,neutral,negative -> neutral
don`t want to go to work tonight,negative,neutral,negative -> neutral
trying to NOT fall asleep while doing ancient assignment. Drinking some water with ice and lime! yum,positive,neutral,positive -> neutral
revision...what fun...still I have thursday to do basically nothing,negative,positive,negative -> positive
"spray tan = fail on legs and feet. I`ve been scrubbing them and feet look better, but they looked awful this morning  Everywhere else = ok",negative,neutral,negative -> neutral
_lpz yeah text me!!! i wnat to go!!!!! but my car is broken!!,negative,neutral,negative -> neutral
C-News wasn`t as bad as I expected... could have done better... but today we did a great show...,positive,neutral,positive -> neutral
" I made room...I don`t have a bed from how much room I made and now I`m outta space for sure lol, and I know I`m pathetic",negative,neutral,negative -> neutral
i am living in ignorance  :@,negative,neutral,negative -> neutral
HOMELESS afterJune 1st.......,negative,neutral,negative -> neutral
"wish I could feel no pain (8)  but it`s ok, at least they like Brazil!",positive,neutral,positive -> neutral
" No prob, skittles we always gonna have yall`s backs. The true sweeties dont play.. LOL But yea we just got heated. We sry",negative,neutral,negative -> neutral
26 pin multi core cable goes bad just B4 service,negative,neutral,negative -> neutral
 I tweet sooo much about you. Gahd.  Hahaha!,neutral,positive,neutral -> positive
On my way home n having 2 deal w underage girls drinking gin on da bus while talking bout keggers......**** i feel old,negative,neutral,negative -> neutral
Off to bed I go to dream of a world where Wal-Mart and Liquor stores all get blown up,negative,neutral,negative -> neutral
is bored Riah fell asleep and now I have nothing to do maybe I will go to bed good night,neutral,negative,neutral -> negative
 Call me when you have time and a good phone  I wanna catch up with you! I love you and miss you.,neutral,positive,neutral -> positive
Sittin through this boring **** conference call... Then i get to go home n nap *{missin  alot  }*,negative,neutral,negative -> neutral
PArts of me are starting to feel the effects of over tanning,negative,neutral,negative -> neutral
  awesome! All deserved I`m sure. Miss the Crabs games,positive,negative,positive -> negative
going to take my last final ... wish me luck ..,positive,neutral,positive -> neutral
"  aaah k..am like a fan incarnated,so kinda like a mutant. till date, Ghalib has never *yet* left my questions unanswered",neutral,negative,neutral -> negative
I just got home.  i bought twiggies and a toothbrush that promises to make my teeth 60% cleaner. - http://tweet.sg,positive,neutral,positive -> neutral
The nocturnal serendipity... Kashmir is an important means to that end...,positive,negative,positive -> negative
"hopping in the shower,   you can help me tidy my room  its a **** hole, mums **** friends",negative,neutral,negative -> neutral
"So much for just an oil change... Do not pass Go, do not collect $200, lose $160",neutral,negative,neutral -> negative
_xox ur really smart,positive,neutral,positive -> neutral
" i know, right? i`m super-excited - i told y`all this is the busiest time of year for me",positive,neutral,positive -> neutral
yea i`m gonna need to put the blunt down,negative,neutral,negative -> neutral
night night twits! im so glad I will be waking up to a saturday off work!! printer has broke though,neutral,positive,neutral -> positive
Lovin  the clean shaven Mr Flowers!  He looks so young!!!  Reminds me that I`m getting old,positive,neutral,positive -> neutral
cant sleep again! Been up for ages...,neutral,negative,neutral -> negative
no more brother for 2 weeks.....,positive,neutral,positive -> neutral
 our love goes out to you Kanoa  sorry for your loss dear,positive,neutral,positive -> neutral
just found out i wont know my uni results for this year until 17th july at the earliest!!!! hate the wait,negative,neutral,negative -> neutral
" I work with drunk golfers, it can be exciting! It wasn`t bad  Yours, sir?",positive,negative,positive -> negative
_renee _B Fa real Me n Shay been on the toilet all night Shlda knwn sumthin ws up whn they didn`t crd us 4 our Scorpian bwl,neutral,negative,neutral -> negative
 You don`t reply to none of your fans ... I don`t know what trust,negative,neutral,negative -> neutral
hates the net. ayaw bumukas ng twitter.  http://plurk.com/p/wxlxs,negative,neutral,negative -> neutral
"Have I ever told you I absolutly hate writing emails, status pdates are fine but emails have so much...finality...to them",negative,positive,negative -> positive
"Just booked my tickets for London on thursday, i`m so exicted",positive,neutral,positive -> neutral
"Intel gfx driver situation much better with recent upgrades. kernel 2.6.30rc4 and driver from git: Suspend working again, fewer mem leaks",negative,positive,negative -> positive
 Not available in my area  I would too,negative,neutral,negative -> neutral
 Just DMed you your login details for the Twitter Salvation System. Enjoy! do let me know what u think.,positive,neutral,positive -> neutral
http://slingalink.com/eVicE1 my daughters kindergarden  !,neutral,negative,neutral -> negative
" You too, my friend",neutral,positive,neutral -> positive
 anytime!.. literally hahaha,neutral,positive,neutral -> positive
  #followfriday thank you!  I`m still not even close to what I had as ,positive,neutral,positive -> neutral
 Likewise. But I don`t know anyone who uses gtalk and the likes so I`m not holding much hope,negative,neutral,negative -> neutral
 again your fault  i didnt make u leave,negative,neutral,negative -> neutral
 its cool,neutral,positive,neutral -> positive
"is abit happier at the thought that Ashleigh & Loocie with be here soonish, but sad to miss her S-ane  ;)",neutral,negative,neutral -> negative
There`s starwars day? ) OMG Rocio!,neutral,negative,neutral -> negative
Taking a load of old broken concrete to the landfill. Tried to find a recycler,neutral,negative,neutral -> negative
_Cullen8 i hate the rain *laughs*. thanks *smiles* i miss her loads i couldnt stop crying before,neutral,negative,neutral -> negative
I cant to sleep and tomorrow i must wake up too early,negative,neutral,negative -> neutral
love to but  already got plan  going to queen mary !,positive,neutral,positive -> neutral
"If you carry your childhood with you,  you never become old..A. Sutzkever",neutral,positive,neutral -> positive
Friday night has gone too quickly   My bottle`s gone for tomorrow.. come on Everton,positive,neutral,positive -> neutral
" I know sleep is so over rated! who needs it, right!",negative,neutral,negative -> neutral
 awesome! have to take a look at them when i`m home.,positive,neutral,positive -> neutral
 I really like pink after I saw her live while in the new T-MOBILE Advert,positive,neutral,positive -> neutral
 lol haha fresh to death lol ha ha I love and miss u 2 id almost given ï¿½ on u cuz u nvr respond 2me  but u did today! Luv u2,neutral,positive,neutral -> positive
"traveling alone makes i meet new people,new circle ..strangers become friends",positive,neutral,positive -> neutral
 Hey! How u feeling? I know Charla hit me to see there were any places she can go..too young  Did she have fun?,neutral,positive,neutral -> positive
"_keepsitreal haha awe. Well right now, I could be at home but I have to be here. It`s horrible  Lol",neutral,negative,neutral -> negative
i`m looking forward to the joy of the f1.... hoping its another disaterous race for ferrari and button gets another well deserved win,neutral,positive,neutral -> positive
"sleepy time! and, my room is finally clean.",positive,neutral,positive -> neutral
 let me know how it goes I`m praying. Ummmph. I still can`t believe it.,positive,negative,positive -> negative
 you looked great for being sick yesterday! i`m sorry I didn`t really make an effort to say hi...  I was preoccupied for a while,neutral,negative,neutral -> negative
Sunday morning and i realised im a film snob  as it said on MSN entertainment,positive,neutral,positive -> neutral
 ! HE HAS A FAVOURITE! You`re his favourite ;) OMGAAH.   sorry for creepering? ..not really lol,neutral,negative,neutral -> negative
 I think you and Tamera should have your own show anyway...the CW or ABC fam is not appreciating you like they should.,negative,neutral,negative -> neutral
 apparently a looong time seeing as they seem to be everywhere except LA,neutral,negative,neutral -> negative
:: holy kraut. I canNOT stay up this late. But the book is done and in the author`s in box.  Tucking in with kitty-boys now. Nighty-night.,negative,neutral,negative -> neutral
Bored... Some vector ****... Off to work after this class..,negative,neutral,negative -> neutral
_c ive sorted it now operating system and all apps are on a seperate 60gb drive,positive,neutral,positive -> neutral
 You`re right....I`m 29 and  I`ve heard the song a time or two,positive,neutral,positive -> neutral
"Repeat final seconds of Game 3 Dal-Den please! **** THOSE OFFICIALS. :| Anyway, happy mothers day.",neutral,positive,neutral -> positive
Sharapova loses 1st set 6-1,negative,neutral,negative -> neutral
has woken up feeling a little special...i dont thing drink the bar dry is on the cards. when i finally sober up its home time i think,positive,neutral,positive -> neutral
So bummed that I can`t see LTJ in June  hoping for a UK yoke soon,negative,neutral,negative -> neutral
 Whaat? That would seem to be a very powerful spell. Kind of tips the scale in their favor.,neutral,positive,neutral -> positive
in about half a hour i`m going to my english lesson...guess i`ll have to wait...and wait for a couple hours so i`m over with it.(( :S   )),negative,neutral,negative -> neutral
Having internet access on board means I can see what bad weather we are flying into   http://bit.ly/h14Tw,neutral,negative,neutral -> negative
"It`s so awesome to know that there are people who think I have what it takes to make it in Nashville, and who offer to help if I want it.",positive,neutral,positive -> neutral
 RIP Michael,negative,neutral,negative -> neutral
Has been underpaid  just when i really didn`t need to be as well.,negative,neutral,negative -> neutral
I totally want some white chocolate macadamia cookies from Mrs. Fields but the mall is soooo far away. Bleh  i think I`ll make my own,negative,neutral,negative -> neutral
" But it is our reality  , we must survive. What doesn`t kills, makes stronger. PA`LANTE LORE !",positive,negative,positive -> negative
 Did I miss the fun?,neutral,negative,neutral -> negative
 Prowse? I got a Christmas card of him last year.  & I wish I had the money right now. Saving for an apartment,neutral,positive,neutral -> positive
is being a horrible twitter-er. Moved in to my Houston apartment and awaiting work starting on Monday. Real world=now,negative,neutral,negative -> neutral
My graduation day... And i feel like a failure...,neutral,negative,neutral -> negative
this sux but took like 4 minutes. going to sleep finally  http://img36.imageshack.us/img36/4603/iprevailedsig.png,negative,neutral,negative -> neutral
o ok..im jealous..i wish I was in bed,neutral,negative,neutral -> negative
 DO NOT DO IT  I`ve seen enough  movies to 'know' that something terrible will happen... LOL,negative,neutral,negative -> neutral
" thanks, I couldn`t find a way around it on iTunes though, found a little app called Switch that did the job nicely",positive,neutral,positive -> neutral
"I looove guitars, and playing them. I think they sound magnificent. If only i was better... If only",positive,neutral,positive -> neutral
 remember the guy who 1st #tweetbud you! ~> _2890  help him get 900 flwrs & make him smile!,positive,neutral,positive -> neutral
Bad day  The day you realize what mess you`ve put me through will be one of the happiest days of my life...,neutral,negative,neutral -> negative
off to my cousins confirmation + confirmation party,positive,neutral,positive -> neutral
 wow. hehehe. mushy-mushy mode.,positive,neutral,positive -> neutral
 not worth it! I love the free version for the iPhone though!,neutral,positive,neutral -> positive
but now i have no money for a phone,negative,neutral,negative -> neutral
 i didnt get the msg!! :`( but i bought princess,negative,neutral,negative -> neutral
 and added it to his collection. i was too much of a punk **** to ask for it back.,negative,neutral,negative -> neutral
"_0407 all over the place it was  boo, dual voice challenge was too challenging",neutral,negative,neutral -> negative
aw. nick got his heart broken.  poor baby. i love you!,neutral,positive,neutral -> positive
" that would be awesome i think, i hate how expensive phones are",neutral,negative,neutral -> negative
I think I juz missed my last bus  .. Need to walk home sia - http://tweet.sg,negative,neutral,negative -> neutral
is almost over the legal limit of db at the garage.,negative,neutral,negative -> neutral
" ummm, come on, for me twins and slurpees, and being in a car with the twins is going to be pretty epic!!!",positive,neutral,positive -> neutral
After 42 hours of not sleeping it is time for bed. Alaska-so far so good,positive,negative,positive -> negative
 What would you know about packing? You`re making poor Lauren do it all.,negative,neutral,negative -> neutral
" Awww  that`s no fun, did you take something?",negative,positive,negative -> positive
is very cold,neutral,negative,neutral -> negative
Never commute in the rain. The people get so much meaner to you.,negative,neutral,negative -> neutral
Finally able to get Flight Control for my Ipod. Best game app! 123  **** choppers lol,positive,neutral,positive -> neutral
 Know exactly what you mean  I`ve lost too many friends. I do feel for you all,negative,neutral,negative -> neutral
"well movie night spoilt by fracked up disk-happiness gone, so time for sleep",negative,positive,negative -> positive
Good Morning...hoping to throw back some coffee like right now!,neutral,positive,neutral -> positive
 Sorry for your loss.  I know how you feel.  She or he was a lucky cat.,positive,negative,positive -> negative
 it was fine. i was still up playing inFamous. sorry to hear how things ended up again,neutral,negative,neutral -> negative
"I hate mondays, but I love `s schedule. HELLO, DIGG REEL!",neutral,positive,neutral -> positive
" yeah, it`s gonna be rubbish!",negative,neutral,negative -> neutral
 nice have fun....Although you cant not have fun lol,neutral,positive,neutral -> positive
 really enjoyed the podcast with  This was my 1st time listenening to the show. Will def listen from now on,positive,neutral,positive -> neutral
"goin to bed, but must say i love that #justin timberlake and #mark martin are the #3 and #4 trending topics on twitter tonite!  rock.",neutral,positive,neutral -> positive
"Lady across the way had a miscarriage, say a prayer",neutral,positive,neutral -> positive
last school day tomorrow! it was the funnest day ever. BUt also really sad  Righ ow I`m getting ready to go to Moab with Phil!!!,neutral,negative,neutral -> negative
"Going home  but when i get home , BLACK BERRY ! WOO HOO  . . . and get to see presten ! <3",positive,neutral,positive -> neutral
I dont believe in my eyes or should I say on my browser? OMG OMG OMG,negative,neutral,negative -> neutral
sooo im 20 n im just now findin out i have asthma,negative,neutral,negative -> neutral
"'Viewers of my LinkedIn profiel also viewed Barack Obama, Francisco van Jole and Erwin Blom.' I`m in good company.",positive,neutral,positive -> neutral
melissa_leah: my car wont start.......,negative,neutral,negative -> neutral
Today is going to be a normal day for I hope. We had a group of pilots from a large airline come in last night so it was too much drink,neutral,positive,neutral -> positive
" SUFFICATION NO BREATHING. It`s okay. There`ll be more. You`re invited to mine, but I can`t promise fun times.  *Jinx",negative,neutral,negative -> neutral
 lol dammit  well then next time then,negative,neutral,negative -> neutral
" that is definitely an easier way of saying it, yes",positive,neutral,positive -> neutral
" woop rehearsing songs  Yep, sounds even enough to me",positive,neutral,positive -> neutral
_lu Just one part of a very odd trip. You travel for 3 months you see some weirdness. Loved Perth though,neutral,positive,neutral -> positive
"  ha ha, and what game is that? i like games",positive,neutral,positive -> neutral
I gave my brother a hug good-bye.. as he took a load of furniture away from the house. He took the mattress I like,neutral,positive,neutral -> positive
Can`t beat all time low.. (: I soooooo want to go to Metro Station..  Your cheap shots wont be able to break bones,negative,neutral,negative -> neutral
"I didn`t get the job at Stuff Magazine  Dammit, that would have been amazing!! Oh well.",neutral,negative,neutral -> negative
" It`s a beautiful MN day, but I`m stuck inside playing Zelda.  I`ve gotta play at least 10 hrs. today.",positive,neutral,positive -> neutral
too many good shows coming up and no money to buy tickets. fmfl. brand new at the troub?,positive,neutral,positive -> neutral
 wish  was coming too  I guess we can make time for you though if we have to ;),positive,neutral,positive -> neutral
wishes she would call him ...   *hc*,neutral,positive,neutral -> positive
I`m Having a Baby Girl! (In the next 17 Days!) I think I`m gonna keep this handy  http://budurl.com/f9p5 Funny Stuff!,neutral,positive,neutral -> positive
 I don`t even remember what`s on there!!!,neutral,negative,neutral -> negative
 The portuguese national library could use it also. Right now they seem to be in a ca. 1995 web. Example http://u.nu/7y68,neutral,negative,neutral -> negative
awake.  school. ew. but i put on some nice lotion.,positive,neutral,positive -> neutral
 becuz you braggin,positive,neutral,positive -> neutral
just had KFC,neutral,negative,neutral -> negative
On the plane to yosemite. Forgot my laptop at home,neutral,negative,neutral -> negative
 feeling any better hon?,neutral,negative,neutral -> negative
If I 'unfollowed' you - its NOT on purpose. Something fishy is going on with my Tweet Deck !! Let me know if I 'unfollowed' you.,negative,neutral,negative -> neutral
Should I say goodnight or good morning?,neutral,positive,neutral -> positive
 Thanks! Fotoreportage coming soon,neutral,positive,neutral -> positive
was late,negative,neutral,negative -> neutral
" I got a coupon, but I couldn`t register it because you have to be in the US",negative,neutral,negative -> neutral
 i want magic mountain tix but i dont get ur station out in paso  boo sux for me,negative,neutral,negative -> neutral
needed my semi-**** best friend to go shoe shopping with me tonight. Alas he is nowhere to be found.,neutral,positive,neutral -> positive
Jus sittn here thinkin....wow yo my boy is really gone! Smh yo! Its bout to be 3 weeks on Sunday!  R.I.P VON,negative,neutral,negative -> neutral
its getting really windy out there,neutral,negative,neutral -> negative
i just woke up and remembered theres no school!!! life is good  xxxxxx,positive,neutral,positive -> neutral
 oo ok. When I opened up twitterfon and it said I had a reply I was like lauren Conrad andswere me  haha,neutral,negative,neutral -> negative
hmmmmï¿½being home isn`t *all* great  http://u.nu/8m68,positive,neutral,positive -> neutral
is a failure,negative,neutral,negative -> neutral
" lol, i`ve done that one b4  i`m a victim 2 that! lol",negative,neutral,negative -> neutral
tonight in party w/ my girls (minus vita),positive,neutral,positive -> neutral
I want an iPhone <33333,positive,neutral,positive -> neutral
 My camera is brokennn,neutral,negative,neutral -> negative
looking forward to Ben`s baseball game tonight,neutral,positive,neutral -> positive
Whew.... finally home after putting in some hours in the lab. Watching Catch Me if You Can and eating cheese and grapes. Good night,neutral,positive,neutral -> positive
On a flight home  after an awesome trip with my cousin! Miss you sophia,neutral,positive,neutral -> positive
 oh yeah...haven`t seem that in ages!! got to watch that soon!! thanks for reminding me!!,positive,neutral,positive -> neutral
"Gonna miss you Nanna & Bampa, She going to the lake disdrict ):  Omg !! got disney channel. Miss you baby matt  Love you x Will do mitchel",neutral,negative,neutral -> negative
 Lol Only if you make me that cookie.  I`ll hit you up.,negative,neutral,negative -> neutral
Well done doing blood work..its hot out again,neutral,negative,neutral -> negative
 fey slays it in #30rock but title of that film sounds bad  #Inbruges is a funny indie little euro city hitman gone bad tale!,neutral,negative,neutral -> negative
Shower day.,neutral,positive,neutral -> positive
 I`m so sorry  do you want me to call? If not I will be on aim in a couple of hours if you need to vent,negative,neutral,negative -> neutral
Teaching people the beauty of twitter,positive,neutral,positive -> neutral
"  i got one too, but it was on a usb key without the fancy packaging",neutral,negative,neutral -> negative
"Time to get ready for wrk! Ahhhh, I dnt wanna goooo!",negative,neutral,negative -> neutral
euhm i`m french and i don`t really understand English . poo..,neutral,negative,neutral -> negative
Watching my fav movie...Two Can Play That Game! 'Ever notice how men start to act up around Spring time?' Shante Smith,positive,neutral,positive -> neutral
" it is very cheeky one, but nice too",neutral,positive,neutral -> positive
"Trying to got through my 3,000 + unread e-mail messages. Looks like this what I`ll be doing for the rest of the evening.",neutral,negative,neutral -> negative
http://twitpic.com/4wtom - This day is soo stressful! Geee.. Lunch was a blast tho! How are you guys??,neutral,positive,neutral -> positive
stranded @ delhi Airport  flight delayed,negative,neutral,negative -> neutral
I need skott right now,neutral,negative,neutral -> negative
 My club card and picture and I just cured world hunger! And made of gold! This thing is awesome! Too bad you don`t have yours.,neutral,positive,neutral -> positive
just got the dreaded call from babysitter - little H has bumped her head  Sitter says she`s fine and goose egg is going down fast,negative,neutral,negative -> neutral
  I`m @ work and missed everythin yesterday but don`t know wot? Anybody,negative,neutral,negative -> neutral
 it`s ok lol  I think we might do the same dates.,positive,neutral,positive -> neutral
 i tried to help,positive,negative,positive -> negative
_xo  hey chick u alryt u at dads tmoro we sud do sumin aen like last week we neva dun oot this week lol  missed you ha bye hun ****,negative,neutral,negative -> neutral
Thanking god for after elton for allowing me to see the new TW trailer since work blocked youtube and lj,positive,neutral,positive -> neutral
whooaaa. just got an overwheolming itus attack after eating,positive,neutral,positive -> neutral
"  you`re missing out, bb! i`m such a cereal nut, i think i like every kind available.",positive,negative,positive -> negative
I am having a pretty good time at work talking **** with one on  the gymnastics gils,neutral,positive,neutral -> positive
" oh, is it good? I`ve been wanting to watch that movie but nooobody would watch it w/me",negative,neutral,negative -> neutral
just done planting the garden...hope sun will shine soon!,positive,neutral,positive -> neutral
_august84 hahahaha now that is a spooky wish babes  how about a lifetime supply of shoes with matching bags and constant weight?,negative,positive,negative -> positive
 I hate June gloom. I was getting so excited for the beach.,neutral,negative,neutral -> negative
Pissing annoying date stamp on all my pictures. Wish I`d remembered to turn it off.,negative,neutral,negative -> neutral
 awwww... I`m sorry! I changed the picture... just for you! Because you rock like that!,neutral,negative,neutral -> negative
This is what I had to endure to get prizes of to my lucky winners  http://twitpic.com/669nm,negative,neutral,negative -> neutral
It`s sunny and I feel really well today!  Yippeee!,positive,negative,positive -> negative
"_babe woo! im getting mine on monday,cant wait  x",positive,neutral,positive -> neutral
"_World LOL! poor cubbies! brewers on a roll?? my rangers lost, but my Leafs won!",neutral,negative,neutral -> negative
": I saw US Postal was hiring, but once I was done filling out the pre-application thingy it didn`t show me jobs open in the area.",negative,neutral,negative -> neutral
" I need to move to NY, SanFran, or Seattle to get worth-a-**** internet speeds",neutral,negative,neutral -> negative
I always feel sickly when I wake up.  Well got a busy day ahead of me! Yippeee,neutral,negative,neutral -> negative
" ..uuuups today is mother day???....sh***....iï¿½ve forgot it, my work doesnï¿½t have a end *sigh*....thank you for remind it",neutral,positive,neutral -> positive
 I ake it you`re at work then and not lazing at home on a sunny bank holiday.,positive,neutral,positive -> neutral
is wondering what happened to all those froggies at the potato farm!,negative,neutral,negative -> neutral
" `erocka the ruler` i called you, but i see i gets the no love   whats up with that?",negative,neutral,negative -> neutral
Is going to have one upset daughter  in a bit..mr. Rat took a sudden turn for the worse and didn`t make it,negative,neutral,negative -> neutral
" :3, Youtube loves my HD videos  well maybe.",positive,neutral,positive -> neutral
After hearing susan boyle sing she came off as the most beautiful person i`d ever seen. i feel bad for my first impression though,neutral,negative,neutral -> negative
 ooohhh. I understand. I never get sick of her so im on your moms side  I guess your dad just likes what he likes....lol,positive,neutral,positive -> neutral
can`t believe I`m leaving this place tomorrow.,neutral,negative,neutral -> negative
 oh no! I woke up accidentally.  how can we get you to fall asleep? Should I scare you with P2 or P3 stories? JK!,negative,neutral,negative -> neutral
Now have an unpleasant talk w/n-laws 2 look 4ward 2....,negative,neutral,negative -> neutral
 definitely dont be offended. im messing around with various twitter apps and strange things keep happening.,negative,neutral,negative -> neutral
And it stopped raining.  Fuckingtastic! ),negative,neutral,negative -> neutral
Breaking the daily build broke my daily plan as well,negative,neutral,negative -> neutral
 I do now LOL.,positive,neutral,positive -> neutral
"Just found out my kitty isn`t pregnant  its a good thing though, we are going to adopt one instead",positive,neutral,positive -> neutral
 I`m having no luck either  Doing my nut in! Who are you hoping to see?,negative,neutral,negative -> neutral
 lady thinks shes watching scrubs... delusional.  shes bailing on our plans,negative,neutral,negative -> neutral
 whuahahhaha you need to cut down on them Bram Ladages/Applejacks/pancakes,positive,neutral,positive -> neutral
i feel like taking a day off but cannot afford it  looking forward to the dfb cup final tmrw night though. go werder!!!,neutral,positive,neutral -> positive
yay new computer to fiddle about with,neutral,positive,neutral -> positive
Kinda may have chickened out...,negative,neutral,negative -> neutral
10 more minutes and i never have this class again. Its kinda sad cause this class is so fun,neutral,negative,neutral -> negative
"  as a kid, i remember searching with the local video store owner in a godown , got a video tape with fungus badluck",negative,neutral,negative -> neutral
 hahaha I didn`t even notice the name - LICE,positive,neutral,positive -> neutral
 i dont really know..i saw it on the gadget show about something thatmakes messages easier to find or something thank you,neutral,positive,neutral -> positive
says Goodmorning.  http://plurk.com/p/x2bm1,neutral,positive,neutral -> positive
_in I loved that movie! And I miss Raul Julia.,neutral,negative,neutral -> negative
o **** i just accidentally listened to rick ross,negative,neutral,negative -> neutral
" Good god, no. You can fit very few swear words into 140 characters",negative,positive,negative -> positive
Morning.. Coffee and fresh air,positive,neutral,positive -> neutral
Ed is awake! But Andy doesn`t feel so hot so she`s still sleeping.,neutral,negative,neutral -> negative
is thinking so much and i`m at work,neutral,negative,neutral -> negative
Back at home and phone my grandma... I love her and miss her,neutral,positive,neutral -> positive
http://twitpic.com/67rcp - Another one...those were taken at 3 am MET! U see I have a real sleeping disorder,negative,neutral,negative -> neutral
" {{{HUGS}}} Okay, just making sure!",positive,neutral,positive -> neutral
 Oh we`re friends now? You know you`re so up & down with me.  I retract my last statement thennnnnnnn.,neutral,positive,neutral -> positive
Still in same queue barely 1 metre from where i last twittered. This is insane. And i paid for this,negative,neutral,negative -> neutral
 baby I`m in maryland I`m NOT gonna make it  BUT I will see ur sexy **** next sat in camden VIP....come early n hang!!!!!,positive,neutral,positive -> neutral
in my room its too **** warm! windows open but im still cooking !,negative,neutral,negative -> neutral
 DSi is the latest Nintendo DS with 2 cameras + stuff built in. We are a Gadget house. Luckily I get my blackberrys free from work,positive,neutral,positive -> neutral
 Wonderful trip!  Read all 4 Twilight novels.  Completely all consuming and engrossing.  Kinda sad to be done.,neutral,negative,neutral -> negative
My lovely husband made me breakfast in bed this morning. Who says chivalry is dead?,positive,neutral,positive -> neutral
i never knew a dentention was so hard 2 get,negative,neutral,negative -> neutral
 haha **** hell i know ay. **** son he`s just making trouble. we could take him.,negative,neutral,negative -> neutral
Listening music with my friend,neutral,positive,neutral -> positive
Got really sick today  text me later. Nap time,negative,neutral,negative -> neutral
Home w/bae & Myka.. He`s so meann,negative,neutral,negative -> neutral
 It`s not much better than instant.,neutral,positive,neutral -> positive
 I have been to Tara Thai a few times for friend`s birthdays and the food I had was pretty bad.,negative,positive,negative -> positive
 It`s still up the duff boo,neutral,negative,neutral -> negative
Just checked my bank balance. I spend like a millionaire despite the fact I am nowhere near as rich as one.,neutral,negative,neutral -> negative
" praying you get better soon you sweet one , sorry your still not well",positive,neutral,positive -> neutral
"Last one month due to summer, strawberry is not availble in the Chennai markets!",negative,neutral,negative -> neutral
 My neighbour is fond of loud Nickelback.,positive,negative,positive -> negative
"don`t know what to do today.  amazing weather and i`m sitting here, great.",neutral,positive,neutral -> positive
"I haven`t been replying to people because seriously, I haven`t refreshed twitter for a while.  Sorry.   Thanks.",neutral,negative,neutral -> negative
counting down the hours until I can finally drink this blossom hill  stupid work,neutral,negative,neutral -> negative
is helping  making a twitter account,positive,neutral,positive -> neutral
Mothers day in 45 minutes west coast time.  Happy Mothers Day to all the mothers out there,neutral,positive,neutral -> positive
_trip I bet he didn`t fall asleep till like this morning  sorries.,negative,neutral,negative -> neutral
 yeah yeah gd night then,positive,neutral,positive -> neutral
_marie better than Hudgens.  OMG our song came on on shuffle. What Would You Do - City High.,neutral,positive,neutral -> positive
 meet  - she is the Zombie expert i believe..,positive,neutral,positive -> neutral
"_Guy In the past it was ok but since iï¿½ve got my own appartment, my own car........itï¿½s very difficult to save the money",negative,neutral,negative -> neutral
http://twitpic.com/4jalj - Morning world. #healthyliving update. Weight this morning 82.1kg (12st 12lbs) Going in right direction,positive,neutral,positive -> neutral
I love music so much that i`ve gone through pain to play :S my sides of my fingers now are peeling and have blisters from playing so much,negative,positive,negative -> positive
" LOL she is okay, its just he songs are so catchy they get stuck in my head",positive,negative,positive -> negative
Traffic backed up inbound Lincoln tunnel,neutral,negative,neutral -> negative
Dangling belly rings are a bad investment...the cutest ones ALWAYS pop,neutral,negative,neutral -> negative
" it`s quite hard cause when you attempt to spread it, the cornbread falls apart...",negative,neutral,negative -> neutral
 My computer got screwed to hell by viruses. I just finished wiping the drive and reinstalling Windows XP  I want a Mac...,negative,neutral,negative -> neutral
Why do people have 2 be so deceitful and unreal?  But my love for Steve Jones and Channing Tatum has been renewed lol...their soo nice,neutral,positive,neutral -> positive
I will not be late.  I will not be late.  I will not be late.,positive,negative,positive -> negative
"_x Haha, You sound like lizzie :L she`s got a sister who is older than her, and she`s like argh :@ all the time",negative,positive,negative -> positive
will maybe have my cell phone soon ! Yeah !,positive,neutral,positive -> neutral
Rest in peace marshall,negative,neutral,negative -> neutral
feels disappointed..mahirap talaga mag-supervise ng tao..  http://plurk.com/p/wxqwa,negative,neutral,negative -> neutral
need to push diet to last level. Not too good last week lost 1 lb. . Better than a gain,neutral,positive,neutral -> positive
"_raven oh, I`m skeptical too. I just think it`s the best thing he could have said under the circumstances",positive,neutral,positive -> neutral
my bf had to go to her dads for the week end. i will have 2 full days of bordom.,negative,neutral,negative -> neutral
 ) I can relate to the frustration.I ruined my wp blog many times during updates.They warn you a few times.'back the ^$!@# up',negative,neutral,negative -> neutral
Having first beer in over 8 days what has happened to me and Im only having it cause Miss 8 wanted to get me one for mothers day.,negative,neutral,negative -> neutral
 Is it true there won`t be any Fantastic 4 sequels?  I wished they introduced a Franklin Richards character... will they?,positive,neutral,positive -> neutral
 LOOOOL chips and ketchup ya waili 3alaiiik! Let`s have some fish fingers  I`m not too sure about baked beans though.,negative,neutral,negative -> neutral
" oh thas cool  you know, I only kinda knew bouts you cuz of Ericson haha when you guys were together x)",neutral,positive,neutral -> positive
Taking the dog on a walk..the weather is perfect rite now  _p sucks becuz she didn`t come with me hahaha,positive,negative,positive -> negative
 the only thing is I`m not a chocolate fan  but the thought was yhere,neutral,negative,neutral -> negative
off to work... off at 10:30....lammmeeee,negative,neutral,negative -> neutral
" Nah, they don`t. All my Twiter followers are fabulous.",positive,neutral,positive -> neutral
Is losing money in Vegas...,negative,neutral,negative -> neutral
They took my property,negative,neutral,negative -> neutral
Went to get driver license and car licnse plates renewed.  My mechanic that does inspections out of town today.,neutral,negative,neutral -> negative
I saw nomes on twitter  but I`m still not waking up,negative,neutral,negative -> neutral
I am trying to figure out how to use Twitter,positive,neutral,positive -> neutral
 she is good! so gor-juz yea i kno i asked her yesterday when we were at tha hospital if she talked to u and she said no,neutral,positive,neutral -> positive
Swollen face.....again,negative,neutral,negative -> neutral
" need to get an intel based mac 1st   but this impacts on dual core vs quad choice, latter probably better for virtualization",positive,neutral,positive -> neutral
" Oh I love `em, but when I think about the kind of preservatives they`re using to stay 'just-baked' it kinda makes me sick",neutral,positive,neutral -> positive
  are you not well?,neutral,negative,neutral -> negative
 At least you made it,positive,neutral,positive -> neutral
_Laurie your dad is a superman for pulling through! Take it easy,positive,neutral,positive -> neutral
: eww. dislike,negative,neutral,negative -> neutral
"250 miles down, only 1750 to go. Thats ok, u2 on the radio alwas helps.",positive,neutral,positive -> neutral
Made a seamless connection to Toro Toro Quebec Two.,neutral,positive,neutral -> positive
 whew! thassa relief,positive,neutral,positive -> neutral
" Masson I`ll give you the link, it`s quite handy",positive,neutral,positive -> neutral
phillies gamee with mama for mothers day,neutral,positive,neutral -> positive
can`t wait to make that call tomorrow. gotta keep moving forward!,positive,neutral,positive -> neutral
Got my attics w sadie art work included  good times just broke my head phones bad times still happy buy attics!,neutral,negative,neutral -> negative
UP was awesome! Everyone should go see it.  But the stupid theatre didn`t show the Pixar short film.,neutral,positive,neutral -> positive
 don`t you procrastinate!   (like I do...),neutral,negative,neutral -> negative
 you stopped followin me?,neutral,negative,neutral -> negative
 That would have been fun BUT we were soooo TIRED yesterday.  Long day at the office. Just did dinner and crashed.,negative,neutral,negative -> neutral
"_beery Yeah little rough this morning but more tonight, and tomorrow night if all goes as planned. Caloric intake off the charts",negative,neutral,negative -> neutral
When you see someone without a smile pass them yours,neutral,positive,neutral -> positive
 hey mar! i miss you also ( yeah  but i gotta find a stupidstupid school (,negative,neutral,negative -> neutral
 oh no....u don`t have to hit him up. He had a family emergency so there was a lil delay. Just can`t wait to see them,neutral,negative,neutral -> negative
I miss the concert Tuesday already. I`d really like a time machine to go see it again... It was so fun...,neutral,negative,neutral -> negative
Hey there! It`s a glorious morning! Monday`s animation mode: ON!,positive,neutral,positive -> neutral
 lol. sorry bout today  ..did u get them?? & what else R U guyz doinq cuz i have to C if im eligable [howeva itz spelled lol],negative,neutral,negative -> neutral
need to go to work soonish but i really dont want to  also trying to save money... life is fab (not),neutral,negative,neutral -> negative
 i don`t have any excuse other than night shifts! we got our orphan lambs from a local farmer so we cheated,negative,neutral,negative -> neutral
Having really bad sorehead,neutral,negative,neutral -> negative
Brownie sundaes at Five and Dumpster. Blood Bros on iTunes. Palm Reader was closed  Fun at the 371 anyway.,neutral,positive,neutral -> positive
Isnt looking forward to going back to work. 3 days off isnt long enough,negative,neutral,negative -> neutral
" lol thanx, me too!",positive,neutral,positive -> neutral
"  thats it, rub it in that ur seeing morrissey! il just go and cry in the corner  x",negative,neutral,negative -> neutral
Where are all you Motivated/Determined/wannabe sexy successful young professionals!??! I might really have to join a BNI if there is no1!,positive,neutral,positive -> neutral
"Flat is sparkling clean, now that`s team work  on way to pick up food for 6!",positive,neutral,positive -> neutral
Ohhhhh what a line,positive,negative,positive -> negative
jolly good last night,neutral,positive,neutral -> positive
I have to choose between  and _FC on Sunday and  wins. I`m shattered.  Why can`t I be healthy enough to go to both?,negative,neutral,negative -> neutral
"Last Heroes ep until Sept  Sick & drugged for past 3 days. Dr says lacking in everything, esp -get this- SUNSHINE.",negative,neutral,negative -> neutral
Nobody ever ` s   makes me sad,neutral,negative,neutral -> negative
"Starting a new diet today. I don`t want to get fat. Besides, its almost bathing suit season! *lol*",negative,neutral,negative -> neutral
YAY jack won. but downer i`ve just remembered its friday meaning i have work tomorrow,positive,neutral,positive -> neutral
****....game starts in 30 min!!,negative,neutral,negative -> neutral
"Charter is pissing me off, the rest of the internet can access my blog except me   should have it fixed soon they say, we will see...",negative,neutral,negative -> neutral
We bought a pool instead of going to California. Now the pool is broken and we have wasted our vacation money for the next 2-3 years.,negative,positive,negative -> positive
you ever come across something that reminds you alot of the one person that completely broke your heart? cause i just did,negative,neutral,negative -> neutral
my monitor won`t turn on. This can only be the work of my mother.,negative,neutral,negative -> neutral
 I use NewsFire. Works like a charm,positive,neutral,positive -> neutral
Off home ill from work. This man flu is hell,negative,neutral,negative -> neutral
"Well, another family was chosen for the child we interviewed for  back to looking for another kid",neutral,positive,neutral -> positive
" You know I love me some Jordie...but that is not the best version of CG, admit it....lol...",neutral,positive,neutral -> positive
Forced to eat red hotdogs coz I`m starving and there`s nothing else for breakfast. Ick.,negative,neutral,negative -> neutral
" And ooh, you changed your Twitter name! I approve whole heartedly.",positive,neutral,positive -> neutral
on jacksonville beach walking in the cold **** water   but have to work in the morning   ily <(`-`)>,negative,neutral,negative -> neutral
"So I was just angrily told I was extemely abusive...mentally, emotionally, & physically. It made my day.  Nightss.",negative,positive,negative -> positive
 I`m depressed ! I want to know you and kiss you all,negative,neutral,negative -> neutral
 Me and Wendy are going after all.  Wish you were!!!,negative,neutral,negative -> neutral
sighs. where`s my candy,negative,neutral,negative -> neutral
At the Spoke Club - fell in love with Tom Arnold all over again (not Rosie`**** definitely different)... Lucky moi,positive,neutral,positive -> neutral
I`m not looking forward to the crazy commute come with everything that`s going on down here,neutral,negative,neutral -> negative
moving back home today. pro: obnoxiously closer to  con: no more mpls runs/excursions for at least a year.,negative,neutral,negative -> neutral
kind of.i`m trying to make sure i have everything yet still look after the boy.hubby isn`t home yet,positive,neutral,positive -> neutral
i like them all i just saw the movie 4.8 i would give it a 5 if Tyler Perry wasn`t in it,neutral,positive,neutral -> positive
It was going to happen one day but I so feel for the girl AND her mum,negative,neutral,negative -> neutral
#Vancouver gets tough with slum landlords..ew backed up sewage   http://bit.ly/16UrvV http://bit.ly/16UrvV,neutral,negative,neutral -> negative
" , finally, someone spreading the Hayley Love via Twitter. Welcome to the club, Taylor.",neutral,positive,neutral -> positive
i have a fever,negative,neutral,negative -> neutral
WHY DO I EVEN TRY... WHEN DEEP DOWN INSIDE I KNO THERE PAIN ON THE OTHER SIDE,negative,neutral,negative -> neutral
I fell for Austin Taura Hanafiah even morreee! Shoott!!!  A guy shouldn`t look that yumm! Hahaha...,positive,negative,positive -> negative
"bummed i didnt get to see manchester orchestra bc it was sold out, i spent all night buying tv shows on itunes  lame",negative,neutral,negative -> neutral
_nation just launched twittix v1.10 - not convinced,negative,neutral,negative -> neutral
" Yea, us 3 and Max  Poor Trivun",neutral,negative,neutral -> negative
"hey  please reply me, i can`t call you im from Mexico and i don`t know the code  love you",positive,neutral,positive -> neutral
 Europe sounds gr8! Will finish my exam on Teus and then we`ll  talk about it,positive,neutral,positive -> neutral
Everyone on the eastcoast... the rain hates us  let`s just all fly to Cali. LOL,negative,neutral,negative -> neutral
there are # days of summervac & school comes along just 2 end it & the annual problem of r generation is finding a good way 2 spend it!!,neutral,positive,neutral -> positive
New top!  http://tinyurl.com/cyd3pp,neutral,positive,neutral -> positive
Whew! Moving commercial-sized freezer and cooler a lot more work than I expected. Missing the HTC roundtable,positive,neutral,positive -> neutral
i wish i had more chicken wings,neutral,positive,neutral -> positive
Sucky day so far hope it gets better,neutral,positive,neutral -> positive
 well that does make me feel better about staying up even later to watch the daily show.   lay on the guilt again.,neutral,negative,neutral -> negative
" You lucky girl. Tell me all about it, `kay?",positive,neutral,positive -> neutral
Strike one.    (Three and I`m out.),negative,neutral,negative -> neutral
so tired after work...but i have King`s Bounty Add-on and A Vampyre Story for a evening  and X-men comixes is completely donloaded,negative,neutral,negative -> neutral
"I`m kicking it (though feeling a little sick): alternating talking to friends, gaming, watching the playoffs, and writing an application.",negative,neutral,negative -> neutral
 i`m not being mean,positive,negative,positive -> negative
"Finally feels like a nice summer day, and I`m feeling sick",neutral,positive,neutral -> positive
 i know but it will make us all watch the awards on sunday! lol..i want to shower and there is no water!,negative,neutral,negative -> neutral
" I haven`t got ANY cupcakes yet  I was hoping if I said it enough, some would appear!",positive,neutral,positive -> neutral
Addicted to Glee... watching the video over and over again....I should be out,negative,neutral,negative -> neutral
 good tip..... but then my boss would read .... exactly what im supposed to do and would know where I was with the project,positive,neutral,positive -> neutral
"I need a restful weekend, but I will have to work instead",positive,neutral,positive -> neutral
My grandparents cat may die... I love that cat. I swear if he goes... / / /,neutral,positive,neutral -> positive
"I kno I`m behind the times on this one, but I just learned that Troy 't-bag' Dixon died back on dec. 8th 2008. RIP Troy.",neutral,negative,neutral -> negative
 i have restricted driving priviledges...  and i didn`t even do anything. stupid double standards,neutral,negative,neutral -> negative
 Congratulations! Check that one off your to do list!,positive,neutral,positive -> neutral
bbq was great... just relaxing around the house!  dont wanna leave my city but have to tomorrow... got to clean the house when i get back,positive,neutral,positive -> neutral
Starting to get annoyed with socialscope. Need an update,negative,neutral,negative -> neutral
  i`d give anything to be there. too bad i`m in tennessee.,negative,neutral,negative -> neutral
 Momentum works!  But Jeff will have a hard time from 42nd.,negative,neutral,negative -> neutral
 thanks dude. Being a low level business man its hard to get normal credit cards..also our place is not listed with any bank,neutral,negative,neutral -> negative
" Michelle, I slept for 11 hours last night. I`m still stick with this fever.",negative,neutral,negative -> neutral
... that`s all,neutral,positive,neutral -> positive
my phone is dead and my charger is miles away.. _S_R  i`ll talk to you in august,neutral,negative,neutral -> negative
Just had mothers day lunch here  http://twitpic.com/4wfeo,neutral,positive,neutral -> positive
" Hello, im good thank you - tottaly tired, been working lots today...tottaly shattered!  what about u",neutral,positive,neutral -> positive
 What kind of help do you need with Machine embroidery?  I may bea able to help,positive,neutral,positive -> neutral
i realy wanted to go out cause its so nice but everybodys busy,negative,neutral,negative -> neutral
"I am writing the most boring part of my paper. Hmm. The sun is shining and I do not feel like working on this, however I have to",neutral,negative,neutral -> negative
i finished all my work!,neutral,negative,neutral -> negative
Happy mothers day  I`m so hungry and the resturants are all closed... ****,neutral,positive,neutral -> positive
Working on some Product Buzz (product reviews) for the blog... have a pain in the back of my neck,negative,neutral,negative -> neutral
" LMAO shush. with my illness comes the joys of multiple mouth ulcers, and i think they are coming back  they JUST healed",negative,positive,negative -> positive
"bout to watch notorious cause that`s how i`m feelin now. wish i could eat something, but i can`t.  surgery tomorrow. no food til saturday",negative,neutral,negative -> neutral
"  he`s hard to please, methinks he has the picture in his head just fine",positive,negative,positive -> negative
Refusing to accept that the US holiday is over. Heading to Woodies Longboard  Diner in um ... Hove...,negative,neutral,negative -> neutral
That`s how you go from series to season. The days of being an elite team are over in Dallas. EPL Derby Day tomorrow. Tell me what I miss.,neutral,negative,neutral -> negative
" thx! i became IBM Master Inventor in 2008. really enjoyed your blog, particularly with the vegan tag",positive,neutral,positive -> neutral
4am. And Im on the beach. Pretty,positive,neutral,positive -> neutral
Sleeeeeeeepy.... I`m off... Goodnight twitterverse!,neutral,positive,neutral -> positive
Just got an IM from another co-worker who just got laid off. Lots of people becoming unemployed,negative,neutral,negative -> neutral
" Awwww...thanks!! ;) Unfortunately, everything closes at 4pm in Sweden on a friday. Presentation is 9am Monday.",neutral,negative,neutral -> negative
 serio barroca?? parabens!!!!!!! May the 4th be with you!,positive,neutral,positive -> neutral
" Thanks! Am trying.. (keeping my chin up, ouch!)",neutral,positive,neutral -> positive
 lmao!!! ummm duh gurl I need to buy me some more v-necks I like em!!!,neutral,positive,neutral -> positive
"What I would have done with legless stillborn spaniels, no idea. BUT I WAS SAD, so now, 20yrs later, strawberries = dead puppies.",negative,neutral,negative -> neutral
"Just got home from morongo.. Havin a corona  Won 100 bucks woo! Lol I wish it woulda been 100,000 instead :-/",neutral,positive,neutral -> positive
" Ugh, frustrating. I see a few briefs a week with groups in them, mostly from traditional agencies.",negative,neutral,negative -> neutral
wish i was home in time for the #jonaswebcast today,positive,neutral,positive -> neutral
    Ive been dying for those!! They just so expensive in little sizes.,neutral,negative,neutral -> negative
 whoa... if the alcohol won`t get you buzzed... the price will,negative,neutral,negative -> neutral
This is scary  they hooked me up to 9 wires n it printed sum graph ohhhhhh,negative,neutral,negative -> neutral
"Bored and kinda lonely, my parents went up to the lake. I didn`t have a friend to bring up so i knew i was bored and didn`t go.",neutral,negative,neutral -> negative
Enjoying d view @ sg flyer,positive,neutral,positive -> neutral
LIVE FROM NEW YORK ITS SATURDAY NIGHT!  finally a new one,neutral,positive,neutral -> positive
Woke up late & trying to get **** done before work,negative,neutral,negative -> neutral
" I`m not going on the cruise. Wish I was, but I`m just going on vacation. Thanks though",positive,neutral,positive -> neutral
 so cool! if only i could call! my phone won`t let me calll the number!,positive,negative,positive -> negative
"has her mind abuzz re: advertising industry + standards : don`t hate me because I like maths, ok?",neutral,negative,neutral -> negative
i just saw a pony that used to live in front of my house again. he`s developed cushing`s disease tho,negative,neutral,negative -> neutral
 I was just about to put in '@' and then my username.. Wow.,positive,neutral,positive -> neutral
_Butler I think/hope they might put an age limit on next year on the back of that  #bgt,positive,neutral,positive -> neutral
 Yeah it sucks i tried to ask a Q 2. But they never answered.  But i loved it when joe hugged nick.,neutral,negative,neutral -> negative
Wishing the rain would stay away for a while so that I can go to the pool,positive,neutral,positive -> neutral
 voting for you Hope you are voting for me I am now a white blank with my name  mr Twitter and Funniset,positive,neutral,positive -> neutral
 Isn`t MSN in this case a lot easier? Hahaha!,positive,neutral,positive -> neutral
 haha... sorry  she should be in the whole like two people  follows,negative,neutral,negative -> neutral
"_ I hope filming is going well  I`m new to the whole 'Twilight phenomenon', they couldn`t have picked a better 'vampire'!",neutral,positive,neutral -> positive
I was feeling guilty about buying a luxurious pair of shoes yesterday until my house mate just saw them and got over excited,neutral,negative,neutral -> negative
Here`s  and  at our evening drink on Thursday night in London.  http://twitpic.com/4wrrp,neutral,positive,neutral -> positive
"So, I picked up Chris Botti`s~Live in Boston CD, listening while driving home tonight under the moon. Didn`t want it to end.",positive,neutral,positive -> neutral
" I tried TD, but it battled with CS3 over my processor. Nambu is really good, but unintuitive",neutral,positive,neutral -> positive
 I KNOW! I love Nicholas Braun & I think he`ll make an okay Cameron but I don`t wanna see it either,positive,neutral,positive -> neutral
the puppy shall loose his um... manly parts today  poor guy....,negative,neutral,negative -> neutral
sooo glad im home  floridia was fun!! back in ATL. time to sleep....then back up to work!!! constant grind.,positive,neutral,positive -> neutral
 rob got lucky that game he beat me 209-205,positive,neutral,positive -> neutral
lapit na ko magout. lapit na fated to love you.hehe  http://plurk.com/p/rrj4e,neutral,positive,neutral -> positive
"sitting in katies house with jo, the other two are away doing stuff, and i have swine flu  and bronchitis but thats a diff story.",negative,neutral,negative -> neutral
 Molly was born on my birthday!!!! *cue twilight zone music*,positive,neutral,positive -> neutral
nothings better then going out for chinese at the supperinn with ma fave cousins at 1am,positive,neutral,positive -> neutral
 I KNO I SHOULDA CAME,neutral,negative,neutral -> negative
 don`t know  and no not at all,negative,neutral,negative -> neutral
"Sighs, well I accidentally clicked back space on my mouse",negative,neutral,negative -> neutral
so bryan was at the sweet 15 and i didnt think we were gonna talk but towards the end of the night we talked,positive,neutral,positive -> neutral
" bahaha, BOF? you`ve gotta get a life... although i can`t say much with my obsession with miley cyrus.. I`VE gotta get a life",positive,neutral,positive -> neutral
You know that `rule` that says always point the knife away from you? Just  learned my lesson on that one! Straight through my finger!,negative,neutral,negative -> neutral
" well if you`re ever headed back to the west coast, hit me up. I have a tiny place, but we can hack and hang out at the beach",positive,neutral,positive -> neutral
omg supernatural is on after good news week,neutral,positive,neutral -> positive
"pavement is boiling hot out there, dogs were limping.    guess summer`s officially here.",negative,neutral,negative -> neutral
_cupcakes  sometimes plugging it into 240 can fix problems..,positive,negative,positive -> negative
Off to the gym by myself!  no fun!,negative,neutral,negative -> neutral
"Just FYI, there is also turkish star wars rip off  here http://bit.ly/AeSnk",negative,neutral,negative -> neutral
got a super cold!,positive,neutral,positive -> neutral
 so I tried jumping without the trampoline and its like thud* thud*  shouldn`t have eaten that cookie.  http://myloc.me/1XIz,neutral,negative,neutral -> negative
working!   I am so ready to go.,positive,neutral,positive -> neutral
"i think i just about have all my info syncing properly between my mac, mobile me, and iphone. yay! finally",positive,neutral,positive -> neutral
"  It is so unfair, Hustlaball, US citizens working here, Personal Appearances Expectations, Prowler, can I do that there?",negative,neutral,negative -> neutral
No gas PLUS no money = Desperation!!!   and that`s the word of the day!  http://twitpic.com/66zls,negative,neutral,negative -> neutral
_Escobar some people seem to be getting over it pretty quick  and the guys to me didn`t seem to care,neutral,negative,neutral -> negative
i dont want the seniors to leave,positive,neutral,positive -> neutral
i have poop on my shirt and a insanely cracked screen on my iphone. daaaang.,negative,neutral,negative -> neutral
"off to go buy more deck sleeves and 3X3 card pages.  Man, those pages are expensive!   Stupid organizing collection.",negative,neutral,negative -> neutral
Ocean sounds cd,neutral,positive,neutral -> positive
Stuck on NJ Transit for the past twenty minutes. Great way to start the week,neutral,positive,neutral -> positive
wish i can be with her every day,neutral,positive,neutral -> positive
"@_iDANCE19 well yes lol ..  i had a chat with them earlier , there just not willing to learn anything else",neutral,positive,neutral -> positive
"Just an observation: Aside from the riverwalk, there are pretty much no cute girls in downtown sa",neutral,positive,neutral -> positive
is cheering on the Arsenal Ladies!!    and missing my M...x,neutral,negative,neutral -> negative
My best mate found out that I am moving. She doesn`t understand I wanna do something with my life; Leaving to go to Uni..,negative,neutral,negative -> neutral
 mothers day pak...,neutral,positive,neutral -> positive
'dream of a better world because it`s coming' -someone could live off of those words dude,positive,neutral,positive -> neutral
 I look forward to having one very soon,positive,neutral,positive -> neutral
I am loving this sunshine and hating the thought of my office without windows,neutral,negative,neutral -> negative
why does my body decide NOW is a good time to wake up every morning at 8?! Maybe Dean will wait for me in my dreams...,positive,neutral,positive -> neutral
Dropping my mum at the station   I`ll miss u mum,negative,neutral,negative -> neutral
I`ve got a dentist`s appointment soon!  The drill feels like I`ve got my brain in a blender - not looking forward to it,negative,neutral,negative -> neutral
- Gig was awesome! Am exahausted and so dont want to revise  Boo Hoo!,neutral,positive,neutral -> positive
 yes 7.50 here thanks for the change obama. I have to start mail ordering again,neutral,positive,neutral -> positive
 and  the Creative VADO`s are out of stock at walmart.com (missed it)  but thanks for tweeting about it,neutral,positive,neutral -> positive
is not sleeping because he has paperwork to do.,neutral,negative,neutral -> negative
I really wish i would hear from josh,neutral,positive,neutral -> positive
touchin the starss,neutral,negative,neutral -> negative
I am the queen of losing things. Important things like keycards and bus passes.,neutral,negative,neutral -> negative
 No I haven`t had chance to watch that yet...going to have to get hold of it.   Thanks for the tip.,positive,neutral,positive -> neutral
 awww my trini no esata bien bendito  too bad i cant fly in and make u feel better,neutral,negative,neutral -> negative
"SPGridView is looking prettier, but I`m pretty sure my code is very ugly.",neutral,positive,neutral -> positive
: Am getting upset listening to the say now  I want to speak to you Mitchel but my darn phone got no money on x,negative,neutral,negative -> neutral
 OMG you aren`t online. Shock horror.,negative,neutral,negative -> neutral
Morning tweeple,positive,neutral,positive -> neutral
I want it to rain today! Like full thunderstorm style! But it probably won`t,positive,neutral,positive -> neutral
Doing my fieldwork databook. Slept awkwardly. Bones all sore.,negative,neutral,negative -> neutral
 I don`t get it...,neutral,negative,neutral -> negative
will be lonely for 4 days because  will be in baguio.   http://plurk.com/p/x2apl,negative,neutral,negative -> neutral
_1   is leavin bc of racists *starts cryin*,negative,neutral,negative -> neutral
Oh no! I just read they are going to do a remake of Girls Just Wanna Have Fun   Stop it hollywood-just stop!,negative,positive,negative -> positive
"Wow, been away 4 a while...stupid lap top is in the shop...still    Hope everyone is well!",neutral,positive,neutral -> positive
 eeeeeeeeeeeeee i jealous sia i didnt get to seee,negative,neutral,negative -> neutral
_storm lucky! I`m still working for another 4 hours!,positive,neutral,positive -> neutral
  you don`t love me anymore!,negative,positive,negative -> positive
up and reading the (maltese) sunday newspaper over coffee... Aaaah.. Glorious Sundays,positive,neutral,positive -> neutral
" *Hand up* Me, I`m going  #localgovcamp",neutral,negative,neutral -> negative
"_sko next time just go online and show the club owner an ean golden video, hahaha...  (i am fan, did i mention that?! )",positive,neutral,positive -> neutral
 carnivalsofparis i think i still have yours on my bl but i`m not sure... i hardly talk to anyone anymore,negative,neutral,negative -> neutral
" and yet i couldnt get a pic it wasnt allowed, then i won passes to their carpet of the 3d premiere no pic still wit them",positive,neutral,positive -> neutral
 WOOOOOOOOOO   are you coming to Nottingham at any point?  lovelovelove<3,positive,neutral,positive -> neutral
"Oh hey, look, North Korea are going to kill us all; or at least some of us.",negative,neutral,negative -> neutral
 awwww  bew! you wont be here at all this summer?,neutral,negative,neutral -> negative
"KERI HILSON- SLOW DANCE ROCKIN` THE **** OUT OF MY PLAYLIST RIGHT NOW! GET UP ON THIS SONG, PURE **** DROPPER",positive,neutral,positive -> neutral
"7 hours and many massages later, I can now spend time with my wife and son. It`s mother`s day ya`ll. Don`t forget to grab a gift or card.",neutral,positive,neutral -> positive
 i thght i voted bt i dnt think it workd!  Whats the link 2 vote for u! Nobody deserves it more than u do. Ur so talented. I<3U,positive,neutral,positive -> neutral
Sitting at the Connection listening to the employees reminisce and mope about their last shift,negative,neutral,negative -> neutral
"Okay, this weather isn`t 'cute sundress' friendly. I dont get how it could be so warm one minute and cold the next. I was freezing",neutral,negative,neutral -> negative
 lucky kid...i so wanna see loserville  pity im in oz....,positive,negative,positive -> negative
I have to start eating healthy,positive,neutral,positive -> neutral
Downtown drinking celebrating the cavs victory!!!,positive,neutral,positive -> neutral
" yes the new one, I adore both though  who doesn`t love Vincent!!!",neutral,positive,neutral -> positive
woo hoo its friday!! ....wait.... i have to work at the cleaners tomorrow.,positive,neutral,positive -> neutral
time to go swimming in the freezing water at kalies. yeah!,positive,neutral,positive -> neutral
is liking this feeling,positive,negative,positive -> negative
back from lunch and it`s pouring rain! ugh  ohh well at least it gets me into a Death Cab For Cutie mood!,positive,negative,positive -> negative
New pickkshaa! If it`s really big then it looks MILKY!  YAAAY!,positive,neutral,positive -> neutral
" you seem desperate,that says probly enough",negative,neutral,negative -> neutral
 I miss you too.  We`ll have to get together once everything settles down in a few weeks.  Congrats on the house!,positive,negative,positive -> negative
" LOL. dood, i love you and miss you.",neutral,positive,neutral -> positive
"Dear Daniel, good news from Nintendo! They want you as a potential Lotchecktester! Hoffentlich wirds was mit der Stelle",positive,neutral,positive -> neutral
"but i didnt  krystal spent the night last night..i dnt think i posted that. but ya, we laughed a lot. SQUIRREL! & HOUSE! new inside jokes.",positive,neutral,positive -> neutral
 isn`t a bit of little britain in all of us?,neutral,negative,neutral -> negative
I stung myself with stinging nettles all down my shin,neutral,negative,neutral -> negative
"I am going to work than, ill be home, and im going to look for my camera since it must be lost in my house. everyone have a wonderful day",positive,negative,positive -> negative
First time in my live that i got a little pop up on the taskbar saying that one of my files was corrupt and I needed to run chkdisk,neutral,negative,neutral -> negative
"The sun just came out!!! Pray for me guys!!!  Writing skills test   No pass, no class, no graduate -.-",neutral,negative,neutral -> negative
 I can`t really say much because none of it is set in stone.. but I`m planning a charity concert for Cystic Fibrosis,neutral,negative,neutral -> negative
 YES!! I wanna come hang out with my H-TOWN gurl u know whats up!! haha  it`ll be bangin! We gotta hang out chick,positive,neutral,positive -> neutral
"_illustrated Me Too! Its hard to argue w/ him `cause he makes some great points, i just can`t wrap my heart around that one",neutral,negative,neutral -> negative
OMG disco is PACKED!!!,neutral,negative,neutral -> negative
That **** money sign. Ugh.,neutral,negative,neutral -> negative
 I submitted my resume the same day and saw no answer back. Oh well...,negative,neutral,negative -> neutral
   Delays/cancellations really bite. Have had my fair share and can sympathize. Hang tough!,neutral,negative,neutral -> negative
 The stuff I got was precariously close to ricotta cheese. It didn`t help.,neutral,negative,neutral -> negative
 & i are lucas till & david henrie lovers. both boys are very cute  but  you can have lucas & ill have henrie  DEAL,positive,neutral,positive -> neutral
listening to music...feeling kind of down,negative,positive,negative -> positive
 whoa!! hahaha! wee going there in a bit! just watching Hugh Jackman`s interview at Oprah.,positive,neutral,positive -> neutral
"is having a well-deserved break today..NO PHONE CALLS, NO EMAILS..only plenty of catch up movies to doooooo",positive,neutral,positive -> neutral
another bday w a special friend,positive,neutral,positive -> neutral
 I`m at work,neutral,negative,neutral -> negative
http://www.eabeauty.net - The world of beauty and pretty girls   I`m testing new version,neutral,positive,neutral -> positive
 I totally did go! and he was AMAZING. He`s is the reason I bought the tix. He only did 3 songs. But Blood Bank was 1.,positive,neutral,positive -> neutral
enjoying lazying around eating roses chocolates  x,positive,neutral,positive -> neutral
" - u aint lost me, i`m right here",neutral,negative,neutral -> negative
Looking for a new laptop battery. Why are they so expensive??,neutral,negative,neutral -> negative
oh dear! gareths b-day 2moro all my girlfriends are abroad  lucky niamh is coming home 2moro poor gareth has 2 listen 2 me talk all day,neutral,negative,neutral -> negative
" My music teacher either expired or forgot about my lesson, leaving me outside waiting for my ride to pick me up for 1 hour.",negative,neutral,negative -> neutral
oh man had great nap (still alittle tired) having pizza for dinner.,neutral,negative,neutral -> negative
"Just funny sitting here with external keyboard, mouse, and macbook on bed  just looks strange but it`s comfortable",positive,neutral,positive -> neutral
" yeah, totally unfair.  we should just. FLAME THEM EVERYWHERE",negative,neutral,negative -> neutral
"NOOOOO! serena and darrian don`t remember each other, and i`ve been waiting all day to see them confess their love",neutral,positive,neutral -> positive
"  haha, i was crying  ****",negative,neutral,negative -> neutral
 i posted it! let me know what you think? theres a really cute cut out in the back too.,positive,neutral,positive -> neutral
" I spoke too soon  Still a nice evening, but lots of broken cloud coming in from the south.",neutral,positive,neutral -> positive
 The link doesn`t work,negative,neutral,negative -> neutral
 ditching out again?  you will be missed. I wish my ruby boys would represent.,neutral,negative,neutral -> negative
finally get my hands on my laptop!  just ate the biggest burrito de asada EVER  and now im gonna get ready for the party-ooo!,neutral,negative,neutral -> negative
" i can`t listen to music at work  I probably could try, but then i`ll have to start hunting for a new job on monday",negative,neutral,negative -> neutral
 hope y`all enjoy the MusicBoat Cruise.  What a tough job - haha!!!,neutral,positive,neutral -> positive
Battery is going to die!,neutral,negative,neutral -> negative
 following 865 and followers 539...not nice,negative,positive,negative -> positive
"whaaay, first day on my own tomorrow. this should go well",positive,neutral,positive -> neutral
"I`m in tantra, anyone from kirki will know how sad this is, I`m drowning my sorrows ;)",neutral,negative,neutral -> negative
trying to finish my ****-ignment.please god help me to finish it,negative,positive,negative -> positive
talking on the phone with someone I`ve missed a lottt.,negative,neutral,negative -> neutral
6th street was amazing this weekend!!! The wedding was fantastic.. but im really really tired at work from the long eventful weekend,neutral,positive,neutral -> positive
_com Ohhh got it. It`s the 8830 I think  I miss the Pistons  I really hope Joe D cooks up something big!,neutral,negative,neutral -> negative
Beautiful sunshine when I woke up  but litterally 2 minutes later it starts to rain! I must be cursed.,negative,neutral,negative -> neutral
 i can so sympathise with that,negative,neutral,negative -> neutral
bout tuh head out an find sum wher tuh go an chill,positive,neutral,positive -> neutral
"Shite night, tomorow, I get to hang out with my little brother and neice, should be sufficient enough to change my mood",positive,neutral,positive -> neutral
"just got back from the ER... i cut myself while trying to cook a nice lunch  3 stiches on my right index finger, talk about ouchie",negative,positive,negative -> positive
its impossible to watch in full ANY flash video with my mac after 5.7,negative,neutral,negative -> neutral
 So ur moomie liked the Pandora? you can buy me one next lol,positive,neutral,positive -> neutral
Done with classes and packing for the atlanits!! I hope miley`s there,neutral,positive,neutral -> positive
 you`re so lucky. we have 6 weeks until summer,positive,neutral,positive -> neutral
forgot the montel quote  and it was a good one..,neutral,positive,neutral -> positive
I can`t help it if I`m a GRAMMAR NAZI!,neutral,negative,neutral -> negative
 do u hav a garden? bunny probs r decidedly uncool.   thanks 4d link!,neutral,positive,neutral -> positive
I`m at the anime store iat rivercenter going crazy at all the Pokemon stuff. I wish I had money,neutral,negative,neutral -> negative
I am having the TIME of my LIFE,neutral,negative,neutral -> negative
at homee..boring but its okiee gonna see the boyfriend and his momma tomorrow for momma dayy,neutral,negative,neutral -> negative
" Nerves I think, Im not sure",neutral,negative,neutral -> negative
 I know what appeals to you with knitting! Believe me I KNOW!,positive,neutral,positive -> neutral
http://twitpic.com/674p1 -  this is my Ohio is for lovers tattoo got the design off the shirt.. haha but I lost the shirt,negative,neutral,negative -> neutral
is still waiting.,negative,neutral,negative -> neutral
 i need a hug i dnt feel so good,positive,negative,positive -> negative
 guessing... Ran 4 miles & gym? Superman you  oxox,positive,neutral,positive -> neutral
  ok Cristal we gonna tweet talk again when its not so late...just follow sweetie....tweethug 4 ya,positive,neutral,positive -> neutral
Phew long day and i havent gotten to work yet,negative,neutral,negative -> neutral
shattered! PWG botched his hybrid dolphin shirt order and sent him xl,negative,neutral,negative -> neutral
"Yup, I`m pretty sure summer could not have started off any better than the one this year",positive,neutral,positive -> neutral
I want it NOW..  finally found what I wanted ..,positive,neutral,positive -> neutral
"riding daddy`s bike (yes a man`s bike, very convenient! NOT) in the dark without glasses on. i was scared  but i survived HAHA",negative,neutral,negative -> neutral
Oowweee!!! China club wuz poppin!!! Lipstic n Pumps were in full effect!,positive,neutral,positive -> neutral
it`s friday! trying to find something to do,positive,neutral,positive -> neutral
"Am in the place called 0UT OF NOW WHERE!! Take me out from here, somebody  http://myloc.me/1XRI",negative,neutral,negative -> neutral
"En route to Minnebron, where cell reception is notoriously unreliable. Until I tweet again, have a great day yall",neutral,positive,neutral -> positive
" yes, i found you! come to greenville. perfect weekend for pictures and no sidekick to go shooting with",positive,neutral,positive -> neutral
Just got off the phone with lainey the love of my life  . . . Now im taken a ****,negative,neutral,negative -> neutral
 small? we cant choose?,neutral,negative,neutral -> negative
_Kay2 welcome to Twitter babes! I know what you mean...still trying to figure this out,positive,neutral,positive -> neutral
"? Polly Scattergood`s new single out today! Download the Please Don`t Touch EP on iTunes, it`s ace!  http://tr.im/kpK8",positive,neutral,positive -> neutral
    the hills is gunna be so different!! gl with your designing etc.,positive,neutral,positive -> neutral
" I`ll be right over, save me a slice",neutral,positive,neutral -> positive
gawd the rain is too strong,negative,neutral,negative -> neutral
" If you`ve jailbroken or went to 3.0 early, prepare to be bricked",negative,neutral,negative -> neutral
"nyc placements have started to come out, but it looks like upgrades might have to wait yet another two weeks for placements! dreadfully",negative,neutral,negative -> neutral
Anybody to have good tips for budget lodging in Tokyo?,neutral,positive,neutral -> positive
 Hey Ruthie girl... u send me all these lovely twitts but never respond!  I`m hurt... how`s Mikey and Dion?,neutral,negative,neutral -> negative
Spent the night finally relaxing with Nogard on WoW after finishing some work Needed to take a small break from art. I really missed this,negative,neutral,negative -> neutral
Sickkkk  ....and I need 11/20--NOW.,negative,neutral,negative -> neutral
 don`t make me smite you! and yeah  yeah it really does. No cuties for me,negative,neutral,negative -> neutral
I am usually more creative on Mother`s Day but lately I have not been feeling creative. O.K.. Good Night.  uh Morning...,neutral,positive,neutral -> positive
"worked out tonight, had to work off the Cheesecake I ate todAY. To all the pple who are on a diet.. DON`T QUIT! It`s not worth it",neutral,negative,neutral -> negative
 but yeah i like purple maybe thats why!! ;)  :p :d,positive,neutral,positive -> neutral
" 07 !!! It`s bloody quick,, even my gran could drift it   http://twitpic.com/4ja93",neutral,negative,neutral -> negative
" off to bed with fingers and toes and everything crossed u pick me-lol! Hope ur well and got back safe,poor Jon  ****",neutral,positive,neutral -> positive
 thanks for teaching me how to play a part of that song,positive,neutral,positive -> neutral
has made up her mind.....,neutral,negative,neutral -> negative
 was able to create an iTunes acct but can no longer redeem the Kris Allen album. note said it got canceled,negative,neutral,negative -> neutral
 yes2 bgt! if everything goes well i`ll catch their reunion concert,neutral,positive,neutral -> positive
"Hahaha  yes dey dooo, BOSTON Legal  tha fat old man is funny, tha one that was naked ina pink gown Lol",neutral,positive,neutral -> positive
 What time you close today? Is it the last day today or tmr? I may shed a tear,negative,neutral,negative -> neutral
missin my bro..,negative,neutral,negative -> neutral
on no bsg might just have made me cry,negative,neutral,negative -> neutral
 I agree. Everybody would`ve been excited and then it goes... ohhhh nooooo..... MS screws up again..,neutral,positive,neutral -> positive
I should be in NYC right now with some of my favorite people but instead I am stuck in RI.,neutral,negative,neutral -> negative
I wish I had a concept of what time it is right now....  not adjusting well. Obvs.,neutral,negative,neutral -> negative
Going off BC is making me break out.,negative,neutral,negative -> neutral
 why r y depressed?  i mite b moving earlyer than i thot,neutral,negative,neutral -> negative
 My husband is loosing his GOVERMENT job due to downsizing-he is looking for a new job but can`t find one in our small town,negative,neutral,negative -> neutral
" I`m having exactly the same day you are, man. Just buried over here  #FollowFriday",negative,neutral,negative -> neutral
 OMG!! that is tragic!,neutral,negative,neutral -> negative
" Woot freaking hoo, tho Mad World isn`t doing well on the iTunes top #100 chart.",positive,neutral,positive -> neutral
 it would be so fun.  too much to do.  not enough time or money.,neutral,negative,neutral -> negative
"Oh yeah, Radio1 is SO playing Earth, Wind and Fire",positive,neutral,positive -> neutral
misses home on the farm,negative,neutral,negative -> neutral
I am down  I need my snuggles but he is at work and he don`t like to snuggle  ironic huh...,neutral,negative,neutral -> negative
" Geez sorry to hear Steph, I hope things improve soon. I know that ain`t much sorry",neutral,negative,neutral -> negative
Is constantly listening to the  song Fly with Me...b/c it`s the cutest song...'Peter Pan & Wendy turned out fine',positive,neutral,positive -> neutral
  YOU`RE FAKING IT! Hahaha...I kid.,negative,positive,negative -> positive
loving that spring definitely seems to be here now,positive,neutral,positive -> neutral
Im so full. Subway was bomb! Waiting for my 2nd shift to start,positive,negative,positive -> negative
I can`t think of a way to express in 140 chars how disspointed I am with the advertising on Lifehacker`s Why I Didn`t Buy A Mac article.,negative,neutral,negative -> neutral
" haha yeah this is improving my nite big time!!  i have to make a skype call soon tho, so will have to tear myself away..",positive,neutral,positive -> neutral
Having fries plus greentea. Mmm  - http://tweet.sg,positive,neutral,positive -> neutral
 There`s nothing good on tonight anyway!!   #Sigjeans,negative,positive,negative -> positive
Ugh 3 more hours,neutral,negative,neutral -> negative
Im craving some cinnamon toast crunch. Why is it so cold today!!,negative,neutral,negative -> neutral
" Dude you`re always going to midnight screenings! xD. I wish I lived in a city. Well, I do (until tmrw!) but it`s rubbish",neutral,negative,neutral -> negative
 Yep- same here. I have to be in the mood 4 it.,neutral,negative,neutral -> negative
 Hi Miss.  Isabelle here. :],neutral,negative,neutral -> negative
Well that just sucks. Good way to make me feel bad,neutral,negative,neutral -> negative
_aka_Rowan he could be talking to me  (he`s probably not though ;) ),negative,neutral,negative -> neutral
 most likelyy. Just need to save the money and practice my **** off.,positive,neutral,positive -> neutral
Is sad clint hurdle got released. I liked him,neutral,negative,neutral -> negative
 i think i`ll be home more than i want to be next week - no work booked in for the forseeable.,positive,neutral,positive -> neutral
Just reached my Cellgroup leader`s house and he is surprised that I`m dry. Haha.  - http://tweet.sg,negative,neutral,negative -> neutral
YES!  I have my e-mail down to one window (most of which are marked for follow-up on Monday).  all the dang paper still here tho,neutral,negative,neutral -> negative
" noboby`s behind. I think I lead with $14,8 so far",positive,neutral,positive -> neutral
" Sure is rainy! the storm has left everything, everywhere...  would love 4 u 2 follow us",neutral,positive,neutral -> positive
 hahaha. I think you`re pretty far from me. Maybe next time though,neutral,positive,neutral -> positive
_navarro I wish this area offered chinese food delivery,positive,neutral,positive -> neutral
"like spirits in the night ooooh night, quï¿½ grande ere mr. springsteen",positive,neutral,positive -> neutral
 thank for ur gnite and... *thank* for ur photo of sims 3... heart broken here,negative,positive,negative -> positive
_ I wish you were here NOWWW!!! grrrrrrr,negative,positive,negative -> positive
 You still have class? Ouch,negative,neutral,negative -> neutral
 so see you on my birthday visit me  haha why wack Saturday ?,positive,neutral,positive -> neutral
Going for a ride! Perfect night to go out and chill,positive,neutral,positive -> neutral
is going to help lancey cook,positive,neutral,positive -> neutral
Goodnight all! No iPod still but found my old MP3 player...we`ll see how long it holds out for.  ****,positive,neutral,positive -> neutral
Spending QT with the hubby,positive,neutral,positive -> neutral
 and movies too!!!,neutral,negative,neutral -> negative
" awe I am sorry, probably true.",positive,negative,positive -> negative
One downside of the nice weather: It brings of the chavs...,negative,positive,negative -> positive
Just found out one of my coworkers that I actually like is leaving.,negative,neutral,negative -> neutral
havent been on here in ages  sorry twitter.. tweetdeck is broken,positive,negative,positive -> negative
 *bows*  I try...sometimes it is hard,negative,neutral,negative -> neutral
_Guy Iï¿½m afraid yes - both are true  I hope u r not disappointed yet,negative,neutral,negative -> neutral
i am up - dont want to be though  wish i had slept in more heather woke me up. i`ve got to work later but first i will read some twilight!,negative,neutral,negative -> neutral
"the downside of getting TDL 3 days early is that i won`t have time to read it til next week anyway!  but still, hurrah *clutches it close*",positive,neutral,positive -> neutral
Trying to look up Iowa State Fair Art entry information. Hope to get a piece in this year and maybe win something or get noticed.,positive,neutral,positive -> neutral
 I sorry,positive,negative,positive -> negative
 I know.  I have such guilt associated with picking winners.,negative,neutral,negative -> neutral
 at the #manics gig.  Toasting your speedy recovery - sorry you can`t be here,neutral,negative,neutral -> negative
 if you were down the road from me you can bet i would be right there  #MMOT,neutral,positive,neutral -> positive
Market whn goes lower also problem and when it goes like a wild bull also problem,negative,positive,negative -> positive
"Went to get dog from vets, theyve stitched her ear, charged us for it but she still bleeds like a waterfall everytime she moves. D: WHY!",negative,neutral,negative -> neutral
Soooo high,neutral,negative,neutral -> negative
Ian is waiting for a very important pic,neutral,positive,neutral -> positive
 thought u said twitter was **** bellion?,negative,neutral,negative -> neutral
really really wants to go and see Coraline.,positive,neutral,positive -> neutral
holy smokes! star trek was freaking awesomeeeee,positive,neutral,positive -> neutral
Basil will be the highlight of my day. I`ve just had an old man lecture me on the greatness of the Telegraph. What an idiot,neutral,negative,neutral -> negative
 oh plzzzzz u never had time for me!!!,negative,neutral,negative -> neutral
Won a gps at post prom,positive,neutral,positive -> neutral
 I VOTED!!! do u have a personal myspace? i keep talking to fakes   i <3 you. u helped me thru the hrdest time of my life! (: x,positive,neutral,positive -> neutral
the sunset view is SO beautiful from my room!,positive,neutral,positive -> neutral
" oh, /me still hasn`t got around to starting it",neutral,negative,neutral -> negative
"I`m bored, extremely bored. in the car. waiting for my dad. and dinner. chinese. yummm.",neutral,negative,neutral -> negative
" Planet Fitness on Van Wyck, keep hearing all the homies tell me bout it, plus its close to the hood, u know my lazzzy ****!",negative,neutral,negative -> neutral
"I`ve knack my iphone, I got melted chocolate into the speaker, I now can`t hear it when it rings",neutral,negative,neutral -> negative
"Back at it after a weekend of working in the yard. Didn`t open the laptop once, and I`m thankful.",positive,neutral,positive -> neutral
" Thanks!  Actually, when I first got my twitter, my pictures wouldn`t upload either. But they upload, it just takes a",positive,neutral,positive -> neutral
"Had a shower. it`s 5:55 PM. Triple 5`s! ****, it just turned 5:56",neutral,positive,neutral -> positive
 People from England can watch this one  Thankyou,positive,neutral,positive -> neutral
I just lost my favorite pen  good thing I have a back up =D,negative,positive,negative -> positive
_Neith James just doesn`t take a bad pic! Colossal loveliness! (wondering if I spelt colossal right...),positive,neutral,positive -> neutral
 it can only get better.,positive,neutral,positive -> neutral
" Not at the moment, well i cant find it yet!  LOL",neutral,negative,neutral -> negative
_pollard Never. I`m banned by Court Order,negative,neutral,negative -> neutral
Only one more day of Jay Leno  que sad!,negative,neutral,negative -> neutral
Time for my ritualistic Friday night depression,negative,neutral,negative -> neutral
 What is everyone saying about the supposed **** pics of Matt Striker? Hope he doesn``t get in trouble,positive,neutral,positive -> neutral
really ill atm,neutral,negative,neutral -> negative
 WHAT! That`s a sin!,negative,neutral,negative -> neutral
 well I hovered over the button LOL NOT - sleep well Tiff and you are welcome,positive,neutral,positive -> neutral
" Reminders are good! Speaking of which, we haven`t had a Posture Check in awhile.....",positive,negative,positive -> negative
making mother`s day gift,neutral,positive,neutral -> positive
 No plans tonight? .............,neutral,negative,neutral -> negative
My dad and Joe Nugent drank nearly all the Ice Tea  i only have a bit left. quite miffed tbh,negative,neutral,negative -> neutral
" watched the standard dvd 3d version, no blu in UK yet, 3d effect was best I have seen on home system yet, **** in 3d",positive,neutral,positive -> neutral
UP isnt im 3-D..,neutral,negative,neutral -> negative
Goodnight and Goodbye ?,positive,neutral,positive -> neutral
The pool doesnt open til tomorrow!,neutral,negative,neutral -> negative
 gah! no money..... at least not for bakugan,negative,neutral,negative -> neutral
 could you post a link to the internet version of the times so that I can read it pllleeeaaassseeeeee!!!!,neutral,negative,neutral -> negative
" Never touched a drop, me!",neutral,negative,neutral -> negative
 I`m not a hobo.,neutral,negative,neutral -> negative
"Gonna go round up some DVDs to sell...  I will miss them, but I need money!",negative,neutral,negative -> neutral
" Iowa is like that sometimes, it gets frustrating.",negative,neutral,negative -> neutral
" you hate her, I love her.  presentation got cancelled. I got up at 0600 and went in to work today for this pitch !",negative,positive,negative -> positive
HOMEWORK  BORRIING,negative,neutral,negative -> neutral
getting ready to go to IKEA. All alone cuz no one will go with me,negative,neutral,negative -> neutral
"i thought ur account  was fake. but, it`s true, sorry david!",neutral,negative,neutral -> negative
 that was not Venessa that was me..,neutral,negative,neutral -> negative
if not impossible,neutral,negative,neutral -> negative
"G*morning! Rain, rain and more rain.. ! But I don`t care so much",negative,positive,negative -> positive
its sprinkling outside  i hope it doesn`t rain during our game ..,positive,neutral,positive -> neutral
what a day!!! motorways and trains noooootttttttt fun,negative,positive,negative -> positive
FREE FREE FREE- just a pesky registration but after that  ENJOY http://bit.ly/rlQGu,positive,neutral,positive -> neutral
 Not any more.,negative,neutral,negative -> neutral
"AP gov exam. Haven`t looked at this stuff in months. What`s that? I`m a total legal nerd and know these cases like none other? Oh, yeah.",neutral,negative,neutral -> negative
_boo jealous  can you add `and I really wish nicole was here..but we all know what she`s really doing` to that tweet?,neutral,negative,neutral -> negative
 You should direct your 'wanting to invest in ' questions to  or .  They are the big cheeses.,positive,neutral,positive -> neutral
 hahaa your awesomee !,positive,neutral,positive -> neutral
stressed beyond BELIEF. need a nap,negative,neutral,negative -> neutral
 that would be an idea  haha ****,neutral,positive,neutral -> positive
 Hell if I know.  I`m suffering,negative,neutral,negative -> neutral
"yoga for school, what could be better?",neutral,positive,neutral -> positive
In a period of exams days are for study and nights for study and sleep... no funny time...,negative,neutral,negative -> neutral
ready for the weekend and sad that I have to be at the office again tomorrow morning,negative,neutral,negative -> neutral
I`m Christine and I`m a friggin` shopaholic. Check out my new coat  Had to promise someone I wouldn`t spend for 2 weeks after buying this,positive,neutral,positive -> neutral
waiting to go to the movies later for my 6th month. booored.,negative,neutral,negative -> neutral
"Finally, I got my teaching load confusion cleared. I will teach 3 third year sections but with a catch.",positive,neutral,positive -> neutral
Yay! Just bought American Dad Volume 4  also seen Australia is out on DVD. Could be a lot cheaper than going...,positive,neutral,positive -> neutral
"_Nigeria oh yeah I know  We met when I was taking out the trash, hhaha",negative,neutral,negative -> neutral
@_AlexaJordan sigh. come to Sac please. it is the Miami of the central valley.,positive,neutral,positive -> neutral
 naisee. is it bad that i can see lens flares all arond me while listening to it? XD cant really catch what they`re saying tho,neutral,negative,neutral -> negative
i wish i was in Jonathon Ross` audience right now,neutral,positive,neutral -> positive
friends romans and country men lol ppl need 2 help me out and say i have twitter i dont have any friends   loner loner la da da,negative,neutral,negative -> neutral
We should so go for the Cobra-Cam idea,neutral,positive,neutral -> positive
 Did find it weird as I think u gave me a ff recommendation too. All sorted then. I can vote for legalisation of pot too if u want,neutral,negative,neutral -> negative
_ haha tell me about. I`ve had this feeling everyday of this week,neutral,negative,neutral -> negative
 You have to come to Chile... with AC/DC would be fine,neutral,positive,neutral -> positive
I just lost a fight against  on Tweefight. I lost  Please revenge me! Try now http://tweefight.com/?opp=hangy,neutral,negative,neutral -> negative
" Yes, Cathy.  (Ordinarily, I don`t have much of a problem with naked girls chasing me, however!  )",positive,neutral,positive -> neutral
Oh no one minute too late! Oh well,neutral,negative,neutral -> negative
Welcome  #Follow #Freude,neutral,positive,neutral -> positive
 just bad good leader and delegate it,neutral,positive,neutral -> positive
" I know. I want it to come bec I`m excited, but then I don`t bec it`s gonna go by so fast & then it will be over",positive,neutral,positive -> neutral
": Aww, that sux!  _x3: Eeek for Airline charges!!! (****)",negative,neutral,negative -> neutral
"fun night tonight, and my house looks so purrrty. Until tomorrow when the kids come home",positive,neutral,positive -> neutral
Okay...So I have an AIM account now...Send me ur S/N`s on there so I can add u...Thx!,positive,neutral,positive -> neutral
getting ready for work. boohoohoo i dont wanna go to work!,negative,neutral,negative -> neutral
"Walking the puppies downtown. Also, mystery of missing cat solved: he hid himself in the basement for nearly two days.",negative,neutral,negative -> neutral
" Ahh man, and im off NEXT weekend",neutral,positive,neutral -> positive
Done With Exams...Now Focusing on Summer School...DAYUUMM Life`s Hard,negative,neutral,negative -> neutral
"Still @ hospital, unexpected complications",neutral,negative,neutral -> negative
_Thompson u may need this pill...i think u are crazy...here take on of mine,negative,neutral,negative -> neutral
It`s 2am and I still haven`t gone to sleep yet! Up early to hit the beach and then shopping! Yays!!!,positive,neutral,positive -> neutral
Found out earlier today that I`m going to be an Uncle,positive,negative,positive -> negative
 haha..i wont  well il try not..lol... night chick..xxxxx,positive,neutral,positive -> neutral
watching beauty & the beast  haha,positive,neutral,positive -> neutral
"i wanna see `up` tonight, but no one will go with me. whhhyyy",negative,neutral,negative -> neutral
mmm much better day... so far! it`s still quite early. last day of #uds,positive,neutral,positive -> neutral
is in the costume shop cleaning and STARVING. Bring me food???,negative,neutral,negative -> neutral
" Oh no! A lot of people are starting to tweet again! Hope you could still read our multiple tweets  Philippines tour, please?",positive,neutral,positive -> neutral
 its not just you - its properly dragged this week,negative,neutral,negative -> neutral
Dane Cook is at the sports arena tonight. Wish I had tickets,positive,neutral,positive -> neutral
" lol hi emmy, latin would help me study for the aptitude tests to get into grad school ;\ thats why i wanna take it",positive,neutral,positive -> neutral
  Way too many people indeed... I only recognize the Chinese guy... LOL,positive,neutral,positive -> neutral
" Yeah, I didn`t buy that for one hot minute.",negative,neutral,negative -> neutral
"long, fun day  now for some relaxation. some TV with the mom, then sleeeep",positive,neutral,positive -> neutral
feels accomplished!!!  She got a lot done today! http://plurk.com/p/stns9,positive,neutral,positive -> neutral
**** being broke on the day Guitar Hero Metallica comes out!  Boooooooo,negative,neutral,negative -> neutral
 i couldn`t eat all my nuggets  finish them for me.,neutral,negative,neutral -> negative
Feeling the effects of the party last night. Drank far too much. 2 chicken burgers and one lamb burger. I did dance a fair bit tho.,neutral,negative,neutral -> negative
 I totally agree! And there`s no way to avoid it,neutral,negative,neutral -> negative
or even NOOOOO NOT THE SECRET NAMEREBECCA PLEASE,negative,neutral,negative -> neutral
 thanks for following me  but who are you? hmmmm... twitter back !! ox,neutral,positive,neutral -> positive
 oh kimmy really?  I give you one week from when you get home to hangout with me. I better get to see you. <3,positive,neutral,positive -> neutral
 ugly. What programmes do you have open?,negative,neutral,negative -> neutral
 But I am with you... I hate doing it... can`t we just make music and magically not have to worry about money  awe... sigh...LOL,neutral,negative,neutral -> negative
Traffic jam outside of chicago. I feel very 'office space' right now.,positive,negative,positive -> negative
FINALLY have a working (subbed!) copy of Pika?Nichi.   Heeeee.,neutral,positive,neutral -> positive
Nooo i wanna watch the comet  dont wanna go workk!!!,negative,neutral,negative -> neutral
Listening to We Are Dead Ocean by . I actually listened twice in a row because it`s so short and pleasing,neutral,negative,neutral -> negative
" I`m having elevated error rates... StreamKeys not found, and then connection problems. Server migration isn`t easy, huh  ?",neutral,negative,neutral -> negative
It`s 11:05 and I`m already on my lunch break,neutral,negative,neutral -> negative
" YES!! I made the sign when i noticed it missing on Sunday! So far, no luck... It`s now Unlucky Japanese Cat...",negative,neutral,negative -> neutral
"is sipping OJ in the sun in San Pedro at La Soberana again, with sunny smiley Nita...  The garlic tomato paste is delicious! Yummy!!!",positive,neutral,positive -> neutral
"been working all day, finally relaxing!! i miss you",neutral,negative,neutral -> negative
 hahahah of course  they have such a nasty display picture :`),negative,neutral,negative -> neutral
"me & kelly share the same last name, wouldnt that be sweet if we were related  ",positive,neutral,positive -> neutral
 **** how you not gonna follow me son?,negative,neutral,negative -> neutral
"Just finished The Village. So in love,could watch it over and over! Wonder why I can`t get to sleep tonight",positive,neutral,positive -> neutral
 you are on mii **** list...Permanent mii dude,negative,neutral,negative -> neutral
BREAKING NEWS: GM shares are currently trading below $1.00 at only $.88 per share!!,negative,neutral,negative -> neutral
i wish i can go to two different schools at the same time.,positive,neutral,positive -> neutral
Finally got my money. Too bad it goes to bills,negative,neutral,negative -> neutral
 awww,neutral,positive,neutral -> positive
 blimey! You`re still suffering?!!,negative,neutral,negative -> neutral
" Haha, she`s up here to stay, it`s nearly 2 hours on the coach for her to get here, may not be convenient for an hour of TV!",negative,neutral,negative -> neutral
Problem with my must do list is: once I write it I usually forget where I`ve placed it...1st thing on my to do list--find my to do list,negative,neutral,negative -> neutral
kinda done trying. ugh. oh well it was worth the effort.   long day tomorrow. night tweeters!,neutral,positive,neutral -> positive
"okay, got the card, but my phone is **** up at the moment.  please use email to reach me, sorry",negative,neutral,negative -> neutral
 Having an awesome day? You should... I expect as much out of you  #awesomeupdater,positive,neutral,positive -> neutral
is ready for a productive friday. one of the last of the year,positive,neutral,positive -> neutral
 but lorraine kelly is a sexy mama!,positive,neutral,positive -> neutral
"just put the brats to bed, now im chillin with noodle",positive,neutral,positive -> neutral
"First impression of Silverlight: sadly, based on what I saw today, it`s quite problematic",negative,neutral,negative -> neutral
 no it doesn`t...sheesh,neutral,negative,neutral -> negative
" talks about _Dunk http://partyends.com/blog/?p=1654 , their CD release is tonight at Stubb`s! Wish I could go support!!",neutral,positive,neutral -> positive
" yep infact she is popular, miss india 99, talented film actress .... and lot more",positive,neutral,positive -> neutral
 I hate snood. lol. sorrry  i dont know how people play it!,negative,neutral,negative -> neutral
 rat run steve irwin way to avoid long delays on bruce highway,negative,neutral,negative -> neutral
"Whenever, whever, sarah`s in dc all summer  and sure!",neutral,negative,neutral -> negative
 I am on here..finally. AND YAY. seriously. that made my day oh fellow hell ruler,neutral,positive,neutral -> positive
 yes........there are many cool things americans cannot watch,positive,neutral,positive -> neutral
" nm. dang, you on NOW but i gotta bounce in like 4 minutes  i`m just chilling. the usual.",positive,neutral,positive -> neutral
 It was blatently your fault for just shoving it in the bag when I said no  I felt that you had very much tricked me. ****,negative,positive,negative -> positive
"Home. Tired. Phone then bed.   Good night tweeters, happy mothers day!",neutral,positive,neutral -> positive
" Luke M here, thanks Ps Chris! Ur husband is pretty cool I reckon! Sorry u were feeling sick and hope you feel better soon!",neutral,positive,neutral -> positive
ipod touch: worth the money? because i`m thinking of buying one. my ipod is dead since this morning,neutral,negative,neutral -> negative
 oh that`s Star Trek  going on the 7th already. Woo!,positive,neutral,positive -> neutral
My lesson is finally done for tomorrow morning. I am looking forward to speaking to the high schoolers on dating.,positive,neutral,positive -> neutral
"Screw the reviews, I thought Wolverine was awesome. But not enough Dominic Monaghan for my liking.",positive,neutral,positive -> neutral
 why you stop following me? Was I not cool enough for you?,negative,neutral,negative -> neutral
Hmmm thinking about taking back that I feel better this morning - I think I spoke to early,positive,neutral,positive -> neutral
" i hope he is ok too. i miss him  and the doc better not be a douchenozzle, ill be one right back!",neutral,negative,neutral -> negative
Being attacked with cola..... all sticky,negative,neutral,negative -> neutral
"I wish I could buy blink 182 presale tickets, but I totally don`t have the money right now. Guess I have to wait for general admission...",neutral,negative,neutral -> negative
i really needa find more stastics,neutral,negative,neutral -> negative
Having trouble syncing my iphone to my work exchange email  help!!!!,negative,neutral,negative -> neutral
i havent gotten any prank calls making me laugh in so long.,neutral,negative,neutral -> negative
 Thx,neutral,positive,neutral -> positive
i wish people would leave jon & kate alone  i really like that show,positive,negative,positive -> negative
 yea just fun dive..a bit scary sometimes but fun.  u like diving?,neutral,positive,neutral -> positive
 sounds like my town,neutral,positive,neutral -> positive
" Oh aye.....he rocks, shes ****",positive,neutral,positive -> neutral
"TGIF.,..i wish that saying applied to me, but i work Saturdays",positive,neutral,positive -> neutral
 i dont get one? fine! i say texting is way more meaningful than twittering,positive,neutral,positive -> neutral
it`s friday night. i`m home. no party this weekend,negative,neutral,negative -> neutral
"_anekie ok darl, i will suggest you to the MUA (Tracie Weaver), as she`ll be making the decision",neutral,positive,neutral -> positive
GREG D: You should have cried too :L You could have got through!!   I still love you Greg. #BGT,positive,neutral,positive -> neutral
watching chicago.  honeyyyy im with you I miss me some hey arnold! and wild thornberrys,negative,neutral,negative -> neutral
" OHSHNAPSSS. is she pissed at blair as usual ? hahah. & yeeeah, i bake cookies",neutral,negative,neutral -> negative
Snoops uncle who was the COOLEST dancer EVER!!!!!!  http://twitpic.com/4wfqn,positive,neutral,positive -> neutral
"Has just finished uploading my latest chap  Finally! Now, off to watch the new HappySlip vid :3",positive,neutral,positive -> neutral
"I`m just to far from where you are, I wanna go home...",positive,neutral,positive -> neutral
Good night all  Even though it`s morning for most of you lol,neutral,positive,neutral -> positive
"twit twit twitter! trying to 'legally' watch a movie online, its not happening",negative,neutral,negative -> neutral
Back from hospital. Doc says I`ll live,positive,neutral,positive -> neutral
 aww I don`t want u to suffer  it`s just Midol isn`t working for me. Grrrrr I hate that stuff. But I love you tho.,neutral,negative,neutral -> negative
Didn`t make to my cousin`s yacht convention. Hope he doesn`t get upset. And hope he won.,positive,neutral,positive -> neutral
is watching the final episode of E.R  Goon SuBo 2 win Britians Got Talent,positive,neutral,positive -> neutral
"Killed a pigeon today  Thought it was going to move out the way of the car.. next thing I know, BANG feathers in the rear view mirror RIP",negative,neutral,negative -> neutral
Up was pretty good. It was kind of depressing though,neutral,positive,neutral -> positive
" yeah, it`s all teased up into this boofy bit...i`m buying red hair extensions btw",positive,neutral,positive -> neutral
argh! why why why,negative,neutral,negative -> neutral
trying to upload one thousand photos!!,neutral,negative,neutral -> negative
"Husband Went off to bed, now off to missing him again until he is off again Tuesday",negative,neutral,negative -> neutral
Dreading the weekly grocery shopping.,negative,neutral,negative -> neutral
my nail broke  I haaaaaaaaate,negative,neutral,negative -> neutral
" It was crazy all day today and I have a feeling it`s going to be that way tomorrow, too.  Enjoy your couple of days off though",neutral,positive,neutral -> positive
 Around better..  How are you ?,positive,neutral,positive -> neutral
"I can only message those who message me, if we`re fwends...so those that want replies..follow me.  hmm..that sounds funny..",positive,neutral,positive -> neutral
 psh... I`m not cool enough to go to their open-houses.,negative,neutral,negative -> neutral
wants to go the the vintage paper show but no one will accompany her,negative,neutral,negative -> neutral
"You know when your make late night calls to India team members for more pictures, your struggling with your message.  Thanks .",negative,neutral,negative -> neutral
But I have to cause I missed a lot of classes,negative,neutral,negative -> neutral
 who will we make fun  of?!?!,neutral,positive,neutral -> positive
Computer pissing me off. 4 gig ram 2.5ghz Dual core and vista freezes...**** you microsoft...i want win 7,negative,neutral,negative -> neutral
my mother is drunk grrrreat.. It`s okay it`s mothers week,neutral,positive,neutral -> positive
 i just downloaded Bonnie and Clyde by Beyonce and Jay-Z...an old fav,positive,neutral,positive -> neutral
"  I know! they were running out though, Soph had to get a massive one...",positive,neutral,positive -> neutral
"Oficially Back to work, all systems up and running smoothly",positive,neutral,positive -> neutral
Burning time at wacha,negative,neutral,negative -> neutral
" I assume you mean 2nd item with 3 nested lines, but no invert call tree button to be found   ï¿½  ï¿½   ï¿½",negative,neutral,negative -> neutral
" Yep, ah, ****, I don`t wanna leave my warm doona to get a hot beverage...I guess I`ll just have to make do w/o it",negative,neutral,negative -> neutral
"watching 'Steel Magnolias' then going to bed. I have to babysit at one tomorrow. then give mommy her gift!  night, <3 peace.love.jonas",positive,neutral,positive -> neutral
 u no there was no point pointing it out yesterday and ppl had 2 wait til midnight .... they were kinda pissed,negative,neutral,negative -> neutral
just got home. Yay!  Hi guys! http://plurk.com/p/svdpu,neutral,positive,neutral -> positive
just gott home from work and now relaxing,positive,neutral,positive -> neutral
 don`t have one yet  but hopefully I`ll be ponying up for one soon because this 15' is definitely hitting a wall,neutral,positive,neutral -> positive
 Let the Right One In? Aparently Drag Me to Hell also has some horrible cat nastiness,neutral,negative,neutral -> negative
I wish I could go to the Love Music Hate Racism gig this weekend   I`m not in the right part of the world even,negative,positive,negative -> positive
"a reply from  would  make my life, he replies usually to the people who call him ****, then he tells them he willblok them",negative,neutral,negative -> neutral
i wonder if there is a life after Alzheimer`s caring. beyond despair. poverty sux but commerce is futile. there is no description. mommy,negative,neutral,negative -> neutral
Def wants to cuddle it out maybe play but has no one to do it with the bc is far away,negative,neutral,negative -> neutral
 Equations and graphs,neutral,positive,neutral -> positive
"Didn`t get bitten by a rabies infested person last night  yay for me! Gonna scare Rachel with Quarantine tonight, this shall be fun",neutral,positive,neutral -> positive
 Ohhhh! Ok! thought that I was going nuts!! Maybe they will pass through here on the way back!,positive,neutral,positive -> neutral
"_song Glad you had a wondrous Beltaine! Mine was quiet, yet in sync with the season.  Miss you all...",neutral,positive,neutral -> positive
 awww  omg garbo fake playing during one of the songs!!! haha,negative,neutral,negative -> neutral
_N - me too!! I don`t want to ooze while speaking either!  (why do I have lame jokes about wiping social media off my shoe? lol),neutral,negative,neutral -> negative
"11.40 AM. I don`t wanna wake up. Shoo, roommate, shoo.",neutral,negative,neutral -> negative
 I`m currently into Emarosa. Their new album is the shiiiiiiiiiiiiiiiiiiiiiiiiiiiiiiiiiiit! Haha,negative,positive,negative -> positive
_**** not as yet... i would just like to know if its okay for your mum before ask my mumm  hopefuly there gonna tell us soon!!!,positive,neutral,positive -> neutral
"Just finishing shooting, can u believe it, but got the job done",positive,neutral,positive -> neutral
 a great song by East Clubbers,negative,positive,negative -> positive
"is exhausted from a great weekend, and is looking forward to this week",neutral,positive,neutral -> positive
weee! internet is back here at home!,positive,neutral,positive -> neutral
 i hear you.. it pisses me off haha,negative,neutral,negative -> neutral
 seen u a couple of times. Liked it,positive,neutral,positive -> neutral
 U SO funny but u right! I like BSB but Im not as fan than U I love much better Tupac & TLC..2 bad they`re not singing anymore,neutral,positive,neutral -> positive
Moment of truth!! Im nervous for her!,neutral,negative,neutral -> negative
 oops I meant 19th  snowdaysss..,negative,neutral,negative -> neutral
"[stapler haiku] Whar a Night! Woo Hoo! Yeah! / A beautiful night to party! / Oops, I`m a stapler...",neutral,positive,neutral -> positive
Guinness got 2 `new` toys from mom and dads house.  Hooray for free stuff,positive,neutral,positive -> neutral
 I lluuvv u too..  ahhh im gonna miss u evenn moreee! lol,neutral,negative,neutral -> negative
Really big spider on the floor two metres away from me  am actually a little scared.,negative,neutral,negative -> neutral
" it shocked D & I, too!  Puts things in a whole new, empowering, light... now doesn`****?",negative,neutral,negative -> neutral
Okay.. so someone has my keys or they are -really- good at this 'hide from James' game.,neutral,positive,neutral -> positive
" They actually use standard speaker wire between them too, with standard terminals, so no soldering involved or anything.",positive,neutral,positive -> neutral
" let me guess ... ran a few miles?  Respect dude, I can`t do it.  Maybe you should train me",positive,neutral,positive -> neutral
"_Morales I like you. I mean as a random person, because I obviously don`t know you. but. we think alike",positive,neutral,positive -> neutral
  I know... he`s mad at us... :`(,negative,neutral,negative -> neutral
 ...you are kickable.,neutral,positive,neutral -> positive
on my way to school of my last friday of high school ever!  and i don`t even get to see holly Gabbie and hannah,negative,neutral,negative -> neutral
"Hi tweete, surprised to see everyone still up...maybe it`s the full moon",positive,neutral,positive -> neutral
happy birthday great-grandmother  ../././. bad news on a good day >< but ame is living,neutral,positive,neutral -> positive
"Feeling better today, but still sick.",neutral,negative,neutral -> negative
goodnight!,neutral,positive,neutral -> positive
Maitreya for Bobby`s bday!  Yay,neutral,positive,neutral -> positive
i feel some type of way cause im not talkin to anyone...,neutral,negative,neutral -> negative
HollowbabesHere comes the utter shite #bgt <I completely agree,negative,neutral,negative -> neutral
 at least you have a next year  into the big wide world for me!,neutral,positive,neutral -> positive
" Good Evening Terri! Have missed you lately, hope life is being good to you. Have a wonderful evening !",neutral,positive,neutral -> positive
Didn`t get to go wakeboarding  but i`ll be good cause i`m having a lush night!,positive,neutral,positive -> neutral
on my way to my dad`s with my sistas..  r.i.p. Deb..,negative,neutral,negative -> neutral
" No! Strange, each time we return I feel like I have come home and yet I have no Spanish blood that I know of....",neutral,negative,neutral -> negative
We`re not gonna be able to talk again,negative,neutral,negative -> neutral
 I did for years and then moved over to an IBM compatible.  Would love to have both on my desk!   Can you call me a techie?,positive,neutral,positive -> neutral
" I didnt mind the movie myself, may be because Im not that big a fangirl myself",neutral,negative,neutral -> negative
 I tried replying to your mono lake tweet but dunno what happened. Just said I know that lake very well.,neutral,negative,neutral -> negative
SCENE **** AT 4AM IS ALWAYS THE ****,negative,neutral,negative -> neutral
"Mooorning! It`s Friday, and that`s terrific! Smile up!    :-|      :-D",positive,neutral,positive -> neutral
17 Again was actually quite good considering...off to bed now. Long day tomorrow. June 12th...please come soon (but not too soon),positive,neutral,positive -> neutral
_rade oh no the economy gotcha?  sorry but so happy that you got another one in LA!  Enjoy SoCal! Ahahaay! LOL,neutral,positive,neutral -> positive
writing report cards  soooo tired but what an amazing day. check it out on fb soon!,positive,neutral,positive -> neutral
  heheheheh... lol... I always figured he`d send them your way if he got any dupes... I felt bad not sending him stuff...,negative,neutral,negative -> neutral
_ann_cole  i thinks thats right lol... please follow me... much appreciated,positive,neutral,positive -> neutral
 i`m fake. . Is that the same?   ~K~,neutral,negative,neutral -> negative
lol thats the highlight,positive,neutral,positive -> neutral
Recovering from a lovely but slightly stressful weekend in France,neutral,positive,neutral -> positive
Omg I can`t believe jay leno is going off the air,neutral,negative,neutral -> negative
ohay clean teeth,positive,neutral,positive -> neutral
watching 'That Thing You Do' on Comcast. Missing my boo like crrrrrazy!,negative,neutral,negative -> neutral
" if i can get a ticket, but the pickings are lookin slim soo prob not",neutral,negative,neutral -> negative
busy exam week coming up! always look on the bright side of life  *whistle*,positive,neutral,positive -> neutral
The sun is wonderful but makes me feel incredibly fat.. The less clothes and more exposure thing  today I diet. Again......,neutral,negative,neutral -> negative
"i actually really liked Merlin last night. some parts were a bit eh, but the part where that chick was singing was like whoa.",positive,neutral,positive -> neutral
" I kind of figured. He`d probably be unable to reason out why a lot of the things in manga happen, or the way they happen.",negative,neutral,negative -> neutral
   Goodnite sexy twiggas,positive,neutral,positive -> neutral
Excited! Double Bio today.   I don`t have a straightener and my hair looks horrendous at the moment. Wtf am I supposed to do?,neutral,negative,neutral -> negative
_w T`was not an interview in so much as it was a private chat,neutral,negative,neutral -> negative
Eminem 3AM ... Freaking Awsome!!! ... Im Going Back Too... Seams Like Something big is inside me... and no...is not a Alien,positive,negative,positive -> negative
" yeah it made a great noise, and tripped the house circuit breaker. Good Times. $200 worth of parts too",negative,positive,negative -> positive
A friend is someone who will help you move. A real friend is someone who will help you move a body,positive,neutral,positive -> neutral
": I live in germany, it costs a lot too!  I wish you could follow me anyway..",neutral,positive,neutral -> positive
 i know. i need to get their cd somewhere.. hopefully they sell it here in finland.,positive,neutral,positive -> neutral
" The first thing she said means 'Your new album is really good' and the second thing, 'Don`****`s broken'. I am Persian!",neutral,positive,neutral -> positive
But I have cause I missed a lot of classes,negative,neutral,negative -> neutral
 Yup I stayed until the very very end  Exciting!,positive,neutral,positive -> neutral
Last library day before Doomsday. Urgh. Was nice to wake up with my J-bum though. He`s still sleeping now. Cute,neutral,positive,neutral -> positive
Fishing on WoW while listening to ska on Pandora. Such a lazy Sunday morning,negative,neutral,negative -> neutral
morning all....beautiful day...best go enjoy some sunshine before i have to go to work...unfortunately,neutral,positive,neutral -> positive
 That`s for sure. That`s why I intentionally turn my thought processes to the silly,negative,neutral,negative -> neutral
 ahh i wish you guys would come to a hot topic near me.,neutral,positive,neutral -> positive
 I`m here!... Jdubb is @ his funky job...I guess.. We`re neglected,negative,neutral,negative -> neutral
 well we aren`t normal then because 1. we can`t drive in mexico (you have to be 18) and 2. there are no dairy queens here,negative,neutral,negative -> neutral
_blache Night! Doze well.,neutral,positive,neutral -> positive
 http://twitpic.com/4w52z - Patrick should come here and say hi!,negative,neutral,negative -> neutral
 welcome back! I`m stuck in jury duty today.,neutral,negative,neutral -> negative
 I was sleep for all that and missed the fun! Hey DG.  lets play another gammme brian,negative,neutral,negative -> neutral
Oh dear  #bgt,neutral,negative,neutral -> negative
Why did sound input for my computer stop working?  It`s not the mic or jack (USB webcam mic doesn`t work either) Checked input controls.,negative,neutral,negative -> neutral
 Is it possible to a have phobia of phobias? Afraid to look at list.,negative,neutral,negative -> neutral
" haha! thanks, Tiff   it went well, but they WORE ME OUT!!! lol. im too old for this ;)",neutral,positive,neutral -> positive
 haha i love surprises! i don`t work til sunday tho so i have to wait.,positive,neutral,positive -> neutral
"****, I never knew I could miss my phone so much for 4 hours till they told me I won`t have it back till then",negative,neutral,negative -> neutral
 lol thanks!there scary to wear though,neutral,positive,neutral -> positive
 also just spoke to my <3...              ï¿½tearï¿½,positive,neutral,positive -> neutral
Gained 3lbs wish I could afford something other than top ramen... If only I had a job...,negative,positive,negative -> positive
Oh that just made my evening.  I forgot Merlin was on tonight!  But its a toss up between Rove and Spielburg on Spielburg on ABC2 choices.,positive,neutral,positive -> neutral
" I agree, keep it in Star Trek but make it commercially viable! C`mon!",positive,neutral,positive -> neutral
"In worst case cenario, I`ll show up on OFFF with a white mask, and scare everyone. Even better: everyone should wear a mask besides me.",negative,neutral,negative -> neutral
 mothers day gift,neutral,positive,neutral -> positive
i have perused the #fieldnotes website and it is good.  too bad i must return to work,neutral,negative,neutral -> negative
"Caught up with apprentice last night, poor Howard, it was Lorraine`s turn to go",neutral,negative,neutral -> negative
 gaah rain for tomorrow,negative,neutral,negative -> neutral
 It means 'luv ya' in Zulu/Xhosa. Probably spelt it wrong lol. Can`t b creative 2day ...tired  so translated,neutral,negative,neutral -> negative
hateeee history of rock!,negative,neutral,negative -> neutral
 Has to be a Mac! Believe me - you won`t regret it,positive,negative,positive -> negative
 where and when is your next show? or upcoming ones? i really want to see you guys,positive,neutral,positive -> neutral
Does anyone know how to scale a pic down I`m trying to change my pic but all my pics r 2 big n I keep cropping them...HELP,negative,neutral,negative -> neutral
Just remembered I still have a summer project to do.  IT NEVER ENDS!!!!!,negative,neutral,negative -> neutral
"Im free at last, tomorrow I get to remember what Sundays look like",positive,neutral,positive -> neutral
The muse has me gripped firmly by the throat. Really enjoying my writing,positive,negative,positive -> negative
" cant say i havee, im at james` but i did some rs yesterdayy!. im learning my quotess",positive,neutral,positive -> neutral
 it was way worse than that ...and where were you why didnt you say hello?,negative,neutral,negative -> neutral
praying the rosary with my family!,neutral,positive,neutral -> positive
... Still feelin like blah... 3 more hours,negative,neutral,negative -> neutral
I`m nervous... I hope I get in... this could be a costly mistake... more like procrastination and assumption...,negative,positive,negative -> positive
Bummed that F! F! F! broke up,negative,neutral,negative -> neutral
nature has just called me  BRB,neutral,negative,neutral -> negative
" lol what bothers me is that i`m messing with my metabolism   drinking lots of water pretending its different food, Mmmm grapes!",negative,neutral,negative -> neutral
"early morning~2:30 am~what`s up? I am!~~!!played w/ my babies outside~wow~was in the 80`s~felt great!~~got lonely, misses sissy and jess",neutral,positive,neutral -> positive
" Try have a read of the Paul Mckenna book I Can Make You Thin, it has some good advice on how bad traditional 'diets' are",neutral,positive,neutral -> positive
 I must admit when i first saw that name posted i thought it was an exploit attempt,negative,neutral,negative -> neutral
 In our vedanta class we have a saying 'Chit Happens' (chit being mind vibrations or thoughts),neutral,negative,neutral -> negative
 i know i really wanna do some more stuff im out of school in the next week so ill have a few free days a week... ill hit u up,negative,neutral,negative -> neutral
At work... supposed to be a day off but too much work to get done for PLM World... sigh,negative,neutral,negative -> neutral
"I mean i`m tired, and sooooo freakin in love with my .",neutral,negative,neutral -> negative
almost everyone can suck my **** right about now. ive had it up to here with people **** me over !,neutral,negative,neutral -> negative
"  Either way, that`s unfortunate to hear  Thanks you both for the head`s up.",neutral,positive,neutral -> positive
 but it all went too quick and there wasn`t a chance lol,negative,neutral,negative -> neutral
just reached for her plate to get another bit of toast and realised id eaten it all  not a nice feeling,negative,neutral,negative -> neutral
"@_Tanyya :O  awww leave off, shes ace! Shes one of my fav actresses!",neutral,positive,neutral -> positive
"just woke up, its laura`s last full day here  Last night we watched embarrassing home movies",negative,neutral,negative -> neutral
im saaaaaaaaaaaaaad  i need someone to talk to.,negative,neutral,negative -> neutral
ok deleted all messages and hope they don`t come back!!,neutral,positive,neutral -> positive
"Was a little slow to try this one, but Ben & Jerry`s Mission to Marzipan is a bit of a letdown.",negative,neutral,negative -> neutral
responding to more questions at Thou Shall Blog! I appreciate this community.,positive,neutral,positive -> neutral
"fuckkk i need sleepppppppp lol, happy mothers day mummy",neutral,positive,neutral -> positive
 There`s loads of highly qualified stuff  and loads STILL using snail mail.,negative,neutral,negative -> neutral
Just found out that one of my coworkers in St. Paul (who I actually know and talk to) got laid off. This blows.,negative,neutral,negative -> neutral
sam and sean are teasing me saying they are gonna get wings without me,neutral,negative,neutral -> negative
would really like to not be at work and instead taking a nap.,positive,neutral,positive -> neutral
"Wooow, I haven`t charged my iPod Touch all day today, and it`s still ALIVE! That`s so coolio",positive,negative,positive -> negative
Bumping Air Supply`s Greastest Hits,positive,neutral,positive -> neutral
i have nothing to do,neutral,negative,neutral -> negative
Saw this lil girl that has big eyes and hair like Dora the explorer. How cute,positive,neutral,positive -> neutral
hi beautiful! How`s it going?  ,positive,neutral,positive -> neutral
feel like am at one of those gyms where the machines work you rather than you them,neutral,negative,neutral -> negative
Brand new is playing at the epicenter in July when I`m in NY. Jesse lacey why do you hate me?,negative,neutral,negative -> neutral
walk was grand peeps lol feet are really hurting now thought  ****,negative,neutral,negative -> neutral
heading out to the park with the kids - hope it does not rain -looking cloudy?,positive,neutral,positive -> neutral
"I`m back. top molar extracted  swollen face, all numb.  But no more toothache or sinus pain.",neutral,negative,neutral -> negative
" possibly! NyQuil will get me through tonight though  Doctors Monday! (I hope for the swine, just so I can be on google maps)..jk",positive,neutral,positive -> neutral
"My goodness! Another hit, another run!!!",positive,neutral,positive -> neutral
" WOMAN, I didn`t know you came home  you so suck!!! When are you going back!",negative,neutral,negative -> neutral
 would love to talk to you but i live in England so unfair,neutral,positive,neutral -> positive
gonna walk around for an hour now :I but I`m totally motivated! Wahahaha,positive,neutral,positive -> neutral
"Love, laughter, creativity.",neutral,positive,neutral -> positive
" - oh, COOL!! D. I`m going to like a bunchh of JB shows this summer... I am so broke now though  haha",neutral,positive,neutral -> positive
"good morning  6.15 am: plans for the day ...nope, nothing interesting",neutral,positive,neutral -> positive
" You too, Rus!",neutral,positive,neutral -> positive
"she`s smarter and classier. she`s perfect for him. and, IM NOT.",neutral,positive,neutral -> positive
OMJ JUSt qOt HOME fROM tHAt PARty! it`S 2:OO a.m! i`M MAN tiRED! GOODNiqHt AND HAPPY MOtHER`S DAY 2 ALL!!! tAkE CARE & GOD BlESS!,neutral,positive,neutral -> positive
_hansen Darn - I just realised 'pull the other one' would have been a *far* better response to your name suggestion,positive,neutral,positive -> neutral
"When life, as you know it, doesn`t exist anymore.",negative,neutral,negative -> neutral
Twitter won`t let me update online. My update box won`t work.,negative,neutral,negative -> neutral
BORED.  would love someone to talk to.,neutral,positive,neutral -> positive
migraine and leg pain and woe ): should go to bed but it is 2 flights of stairs away. Happy mother`s day,neutral,negative,neutral -> negative
" haha! you`re so funny, Mikee .. you`re probably the only Mike I`ll ever like  *sad thoughts*",neutral,negative,neutral -> negative
 i can`t figure out how to listen to it from the internet,negative,neutral,negative -> neutral
As it turns out I do NOT get to go see The Decemberists...,neutral,negative,neutral -> negative
"ok, i am finally starting to hit a draw, but now my short game has gone to ****!",negative,neutral,negative -> neutral
I feel like I`m going to toss my cookies,neutral,negative,neutral -> negative
Dosen`t Want To Go To Work Tomorrow,negative,neutral,negative -> neutral
" if you register now, you`ll be able to buy in pre-presale next year. Saturday`s gonna be mayhem on internet, wake up early girl",neutral,positive,neutral -> positive
Late news then it`s off for some much needed zzzzzzz.......Goodnight Tweets.,positive,neutral,positive -> neutral
 p.s. Dead like me was awsome. Loved that show  missed the last 2 episodes tho ?,positive,neutral,positive -> neutral
 Sorrry  I`m ready to leave.,negative,neutral,negative -> neutral
" Ouch. I used to hate it when I did that  (And then there are the irate callers who were trying to record, getting p***ed, etc)",negative,neutral,negative -> neutral
#DepecheMode concert next week cancelled  Alternative date not known yet. Dave Gahan had a tumor.,negative,neutral,negative -> neutral
 such a dissapointment  hhaha,negative,positive,negative -> positive
Gotta get ready to leave....Alec and I are going hunting outside of Volterra. This should be fun.  Talk to everyone later.,positive,neutral,positive -> neutral
i fear the spaceship is not long for this earth. it just stranded me and edwin on the highway. there was smoke,negative,neutral,negative -> neutral
Just finished watching He`s Just Not That Into You.  Loved it.,positive,neutral,positive -> neutral
just came bak from dancing with my NEEWWWW cd  haha im dancing again,positive,neutral,positive -> neutral
"Listening to the commentary track on Holiday Inn. Never thought I`d see Bing Crosby in black face, but the rest of the movie was cute",positive,neutral,positive -> neutral
"Watching 1971 edition if Old Grey Whistle Test. Fanny, Mamas and the Papas & Isaac Hayes. Don`t make shows like this anymore",negative,neutral,negative -> neutral
Perfect way to end a totally boring day? Sleep. Goodnight,neutral,positive,neutral -> positive
Not a good start to the day left my money at home . So i`ll hot a day me looking for free carparks,negative,positive,negative -> positive
 I was sad to hear they shaved too  I really liked the beards. I feel like I`m in the minority.,neutral,negative,neutral -> negative
 excuse me ...theres me!!!  jkidding lol...so how long b4 yr fun night out starts lol,positive,neutral,positive -> neutral
just had a falling out with nick,negative,neutral,negative -> neutral
possibly going out tonight; is there ANYTHING to do in Lancaster? I miss Baltimore,negative,neutral,negative -> neutral
 Haha...ooh it was gorgeous wasn`****!! And a whole weekend more to follow!! Ouch...i had blisters from my shoes yesterday,neutral,positive,neutral -> positive
 why would you want a clone? Unboxed a new 24' iMac last night and it`s beautiful! Too bad it`s not mine,neutral,negative,neutral -> negative
" You should hate your gender less. Not all men are bad. In fact, I quite like mens.",neutral,negative,neutral -> negative
niggas got they eyes on me and i aint talkin bout da BM when i say i got 745 on me,neutral,negative,neutral -> negative
**** I wish I was at Botcon with everyone.,neutral,positive,neutral -> positive
had a good day but im now skint again,neutral,positive,neutral -> positive
  please don`t,neutral,negative,neutral -> negative
"Colleague that 'helped' by creating his unit`s site in iWeb was NOT helpful. Trash code, 24 CSS files for a 4 page site, no optimizing.",negative,neutral,negative -> neutral
dam just finished watching Prison Break: the final break...omg i dont think i`ve cried so hard for a show..Finally understand the finale,positive,negative,positive -> negative
_B_Judah i am too old for Vegas,neutral,negative,neutral -> negative
 // your FACE is stupid.   thanks... i miss you too. HA!,neutral,negative,neutral -> negative
 aaaaaaaahhhhhhhh I hate the Internet  When will people learn 'native widgets are always best',neutral,negative,neutral -> negative
IT DIDN`T WORK,negative,neutral,negative -> neutral
" Had lunch at Bittercreek, they were out of Hopnoxious  Had Sweetgrass IPA tho, so all is still right in the world.",positive,neutral,positive -> neutral
 here I am!,neutral,negative,neutral -> negative
_steph boo  I miss you! It`s been ages. Once I get Internet back I`ll try to fix ALO haha it likes to act up from time to time...,neutral,negative,neutral -> negative
 fine! Going to do my big walk today 20 or so miles,positive,neutral,positive -> neutral
Night of the cookers with my dad,neutral,positive,neutral -> positive
" ROFL  Even if I kept insurance and payments under $300, Im still like.. meh. Good thing I applied for a day job pasy $2888mo",positive,neutral,positive -> neutral
"Baby baby, it`s gonna be all right when I`m by your side and the whole world turns against you... I ? it when my Ipod randoms BSB songs",neutral,negative,neutral -> negative
IBood DOWN,neutral,negative,neutral -> negative
Sorry if I`m confusing anyone. I keep forgetting to . The desktop Twitterific  is not so terrific  Very different from iPhone app.,neutral,negative,neutral -> negative
I think that mowing the lawn should not be allowed to be done by teenagers. It sucks! Well off to mow.,negative,neutral,negative -> neutral
Come on Vancouver. Throwing stuff onto the ice? I thought you Canucks were supposed to be all polite and stuff?,negative,neutral,negative -> neutral
My throat is on fire,neutral,negative,neutral -> negative
 LMAO... Smh!  that one threw me off.,neutral,negative,neutral -> negative
"Ha **** im ready.  but **** that ****, i cant believe she had the balls to call me. Haha Wtf!",neutral,negative,neutral -> negative
" what on earth happened to wentworth`s page?!? i`m devastated, as i`m sure ALL of his fans are!",negative,neutral,negative -> neutral
 so haven`t seen any videos the last few days  hope everything is ok...,neutral,positive,neutral -> positive
My radiator boiled out,neutral,negative,neutral -> negative
 U no that little prob with ur twitter that happen @ that old pep resteraunt! mayb this will help u fix it,positive,neutral,positive -> neutral
learning all about non-payment from a client.  For a new business this is a headache I was hoping to avoid,neutral,negative,neutral -> negative
ACK! Ghost Whisperer isn`t on!   **** network`s lucky they gave me Walk The Line in place of it...f*ckas. JP is hawt.  :0),neutral,negative,neutral -> negative
 NO WAY! i didn`t know he was singing ROF thats without a doubt my fave he has done on idol thus far!! EEP~fangirl moment,positive,neutral,positive -> neutral
 ooh ouch!   lovely weather but ****! cover up sugar! x,positive,neutral,positive -> neutral
I need a break... PFFF... Work Sucksss Will be in Myrtle Beach SC in 45 days...  things like that make me soooo happy woeiwoeiwoei,neutral,positive,neutral -> positive
mum`s day - ended up being happy  not that it`s my day or anything....,positive,neutral,positive -> neutral
"Gary Just tried the Ommegang Chocolate Indulgence: no chocolate, no indulgence, just ... metallic.  Best I can... http://ff.im/-3o7RV",positive,neutral,positive -> neutral
In this exact moment i have decided that in some point in my life.. i am going to adopt a child,positive,neutral,positive -> neutral
 my cousin is in jail for shoplifting and drugs she is 16! im upset please help me feel better,negative,positive,negative -> positive
" Dang! Of course, I`m just jealous `cuz I didn`t think of it first",neutral,negative,neutral -> negative
All the food in my house has sugar ants in it,neutral,negative,neutral -> negative
"STRESSED AS HELL (, but still surviving",positive,negative,positive -> negative
"_Henrie hey david, you`re hot",positive,neutral,positive -> neutral
  Scrub and moisturize... doesnt even sounds like `showering`... maybe u should be inclined to follow me en. rephael,neutral,positive,neutral -> positive
"Took yesterday off & treated myself to an outfit & shoes, I have not treated myself in a while, my mothers day gift to me",positive,neutral,positive -> neutral
Heading to yale.. Grandmother in car accident,negative,neutral,negative -> neutral
Just discovered a painful sunburn on my right sholder  hopefully it just turns into a tan!,neutral,positive,neutral -> positive
 lol I am blessed to have you in my life too 'mama'  Sorry about your back pain. You should do some stretches.,neutral,negative,neutral -> negative
Five o`clock can`t come any faster,neutral,negative,neutral -> negative
I`m super hungry! Waiting for my biotch to feed me.,neutral,negative,neutral -> negative
" It`s simple for those who know how to use it hahaa, i`m glad you`re okay  **** x",positive,neutral,positive -> neutral
" Having a Leatherman, is a MUST, really for anybody! You never know, when you might need one & it gets the job done.",positive,neutral,positive -> neutral
Redskins release Jon Jansen.  That guy put in a ton of sweat and bruises for the team.  He will be missed.    http://tinyurl.com/mdewfk,positive,negative,positive -> negative
" working on a logo & I keep getting click happy  Its me, not photoshop I dont they have a 'stupid stop clickin' in ps do they?",neutral,negative,neutral -> negative
jake thomas looks so precious :`( i hate when they say 'there it is i see the white light' in every ghost whisperer show,neutral,negative,neutral -> negative
" yeah man, they brought it back on the market a couple years ago...it scarce through",negative,neutral,negative -> neutral
i dont noe what to eat for breakfast hmmmmmmm im so hungry,neutral,negative,neutral -> negative
"Prayin for dad  in Wellington, FL http://loopt.us/F8_Jqg.t (via ).  I too live in welly. May i pray f.. http://bit.ly/lB9SN",positive,neutral,positive -> neutral
"Drat. All my land boots died at once. I think of boots like parsley- one going to seed, the other first season. What to do now?",negative,neutral,negative -> neutral
Polaroid film today?! I hope so. Green tea = Yum. I got a 8/9 on my appearance for my 'job' interview. Too much cleavage?,neutral,positive,neutral -> positive
hearing the birds chirp makes me think its nice outside...well its not  rain rain go away!!!,positive,neutral,positive -> neutral
 lucky! I can`t see it tonight....,neutral,positive,neutral -> positive
 I would but you`re too far away,negative,neutral,negative -> neutral
 she will,neutral,negative,neutral -> negative
"17 things to do, the last thing on my mind is cleaning up everyone`s cake mess",negative,neutral,negative -> neutral
Busy week this week; quick trip to chase some oil and gas in htown and then back to office for fun week with the devel team,positive,neutral,positive -> neutral
Today was eventful...,positive,neutral,positive -> neutral
http://twitpic.com/67ykl - The stolen purse -- when it was new from the store...see tags still on it,negative,neutral,negative -> neutral
is tired. 04:30 alarm setting will do that  Off to bed as soon as my bloody iPhone Backup and Sync finishes.,negative,neutral,negative -> neutral
 You`re welcome!  How much longer until it`s colored in?,neutral,positive,neutral -> positive
 You bet!...I`ll be there in spirit (I`m in the UK really LOL) Like the pic BTW ****  x,positive,neutral,positive -> neutral
" im not a supermodel, i still eat mcdonalds baby thats just me!  ****",neutral,negative,neutral -> negative
"I hate dreaming that your at some awesome party and you wake up at home, there was jager at the party too",negative,neutral,negative -> neutral
 I hate it when that happens!! Exciting though.,neutral,negative,neutral -> negative
"going to my bff`s. haha. but thats in like 2 hourssss sooooo...calllll me. actually darn, i have hw",negative,neutral,negative -> neutral
 it was days yesterday and probably today that I wish I had taken the top off my jeep.  I need help haha. IT`S FRICKEN HOT,neutral,positive,neutral -> positive
I love my Boogah! Can anyone contain Lebron James?  Talk about so sick,neutral,positive,neutral -> positive
"claire  love the show, got into the office @ 5am and no radio",positive,neutral,positive -> neutral
"quitting my beloved job... having a long luvly  vacation at Koh Tao (turtle island), south of Thailand... SEA, SAND, SUN...WANNA JOIN ME?",positive,neutral,positive -> neutral
anywho im having an early night good night twitter world.,neutral,positive,neutral -> positive
 aw i wish i could.  i have to get ready for atlanta and i have to come into work since I am behind on work,neutral,negative,neutral -> negative
working today.  Can`t find my key so I had to borrow Miranda`s.,neutral,negative,neutral -> negative
" thanks, still waiting... i don`t know what`s taking him so long - is it a bad sign or good sign?",neutral,negative,neutral -> negative
saying goodbye to my parents at the airport.  it was great having them around.,positive,neutral,positive -> neutral
 missed the cutoff for the free chocolate  eh well...bikini season is coming.....,negative,neutral,negative -> neutral
  okay for your Mom and My Mom too!,neutral,positive,neutral -> positive
thinks malibu is the drink for me lets all hit the bottle  woop woop ****,positive,neutral,positive -> neutral
"  hey!, which song was that? I would like to listen to it",positive,neutral,positive -> neutral
Star Warz day? Really..that is a hot topic? Man..oh man.. I`m just waiting for Star Trek!,negative,neutral,negative -> neutral
  Joe and I loveee you.,positive,neutral,positive -> neutral
A little bit of good news.,positive,neutral,positive -> neutral
"_Bee same here : /   Coincidently, my friend just cancelled our movie date",negative,neutral,negative -> neutral
" haha no chance, I tweet rubbish back!",negative,neutral,negative -> neutral
  I don`t think I like this Roy Williams who dissects frogs while still alive >  You look like Chachi from Happy Days,negative,positive,negative -> positive
Why don`t we close the library due to the great weather?  And the ac isn`t working  #fb,positive,negative,positive -> negative
"; Re: Home - that`s exactly what I meant... home in D-town. ;) Also, re: computer... uh... I brokt it...",negative,neutral,negative -> neutral
So I thought the Cavs would crush the Magic and I come home from up north to realize how wrong I was.,negative,neutral,negative -> neutral
mcfly gig last nightt omg it was amazin didnt sit down through the whole thing  mcfly did you see me and ma best mate we were in tutus,positive,neutral,positive -> neutral
 http://twitpic.com/45r61 -  saddest thing i`ve seen a while,negative,neutral,negative -> neutral
 - sigh,neutral,negative,neutral -> negative
" if I could make it to Philadelphia this year I would be there!! but sadly, i cannot",negative,neutral,negative -> neutral
"#BGT Quite an awkward moment, poor girl  I hope she doesn`t loose it again.",neutral,negative,neutral -> negative
"I`m struggling today...Nola woke up at 3:30, so I`m running on no sleep.",negative,neutral,negative -> neutral
"_M Melted maybe 2 square inches of skin. Ran it under cold water for a min or two and then iced until the ice melted. Now, hurts",negative,neutral,negative -> neutral
also finally home with no friends or anyone.. kinda nice to sit in a quiet room.. do wish the gf was here tho...,positive,neutral,positive -> neutral
"Ive been up since 530,i hate wen i cant sleep. Garys takn a nap and i mite do the same",neutral,negative,neutral -> negative
 you the the Queen of Sass oh Scenie!!!,positive,neutral,positive -> neutral
" hilarious. so if she acts up, all you have to do is say 1 little word...'gummed up' grosses me out; hub says it 2 torment",positive,neutral,positive -> neutral
He still doesn`t love me... I won`t ask again,negative,neutral,negative -> neutral
 p.s. i heart your face,positive,neutral,positive -> neutral
 ah helping my friend move and will defo be having a well deserved pint after it that`s for sure,positive,neutral,positive -> neutral
"Having a hectic day travelling from PJ to UNITEN, back to PJ. Working now at CC office.",negative,neutral,negative -> neutral
" that happened to me so often, i hated it. every time i moved to a username that i thought i`d love, i moved soon after.",negative,neutral,negative -> neutral
 Haha I should. But I won`t. lol Then I might miss something.,positive,neutral,positive -> neutral
there`s no point in bein on here if no one else in on,neutral,negative,neutral -> negative
 no happy hour for me today,positive,negative,positive -> negative
" Yes, I liked it very very much  It wasn`t even cheesy!",positive,negative,positive -> negative
mary hates me again  i wana walmart it butno one wants to go,negative,neutral,negative -> neutral
 I really wish I could convince Brandon to move somewhere like that. All he wants to do is move to Lexington.,positive,negative,positive -> negative
 that sounds great right about now. It`s ridiculously hot in my house,neutral,negative,neutral -> negative
got woken up early AGAIN  I kinda wana just chill today but there`s so much to do!,negative,neutral,negative -> neutral
"Need to come up with another blog post today. But for now, I AM SLEEEEEPPYYYYYY!!!!!!!!",negative,neutral,negative -> neutral
is sooo close to finishing her exams  role on monday and i will have my life back.,positive,negative,positive -> negative
"So twitter is a journey now.  well, okay.",neutral,positive,neutral -> positive
" Blow me away it IS raining harder here. Yay you, well done",neutral,positive,neutral -> positive
 =o YOU SAW FLEETWOOD MAC! I`m insanely jealous. I don`t have enough money to buy tickets.  I think I`ll never see them. =(,negative,neutral,negative -> neutral
" My day was cool, a lil twisted...  I won`t spam twitter like I did last week tho.",neutral,positive,neutral -> positive
Headache  hanging out with my puffy. I love him <3,neutral,positive,neutral -> positive
Theres a spider above my bed  calming my fears by listening to greeeeen day<3,positive,neutral,positive -> neutral
 I`m afraid your comments on MP`s expenses were hopelessly out of touch with the average person average salary. V.insensitive,negative,neutral,negative -> neutral
" i think in the end, remembering the poetry and feeling behind something is far more important than the name.",positive,neutral,positive -> neutral
 YES!!! haahaaa.! break out the jellybeaniesss!,positive,neutral,positive -> neutral
 well i miss her i think she would really like it  re:trina,neutral,negative,neutral -> negative
"mmmmmm, late night Brusters ice cream! om nom nom nom",positive,neutral,positive -> neutral
Fixed my favourites. $180 and the heels fell off after 4 wears,positive,neutral,positive -> neutral
WALES HERE I AM! 1st 2 weeks away in wales. but idk if the guys at school really like me...,neutral,negative,neutral -> negative
 i know its awful  but never fear i`ve got loads of funds so we can have a drunken catch up post-exams ja?,neutral,negative,neutral -> negative
Heading to XS with Nadia!! Yeee!,positive,neutral,positive -> neutral
mmmmm my hair smells guuud.  the wonders of 'pantien' ;D,positive,neutral,positive -> neutral
" they really do need to mind their own business, eating disorders are NOT the only reason people have to vomit, assholes",negative,neutral,negative -> neutral
This song is a slap on you face!!  ? http://blip.fm/~5jib6,negative,neutral,negative -> neutral
I have the immense pleasure of being entertained by Pride & Prejudice for the 3rd time and I must say that I find it very much agreeable,positive,negative,positive -> negative
"the #liesgirlstell and #liesboystell threads show how women and men alike are screwed up and struggle to have real, honest relationships",neutral,negative,neutral -> negative
"trying to straighten my hair, but it`s too effing hot in here. also, i need food",negative,neutral,negative -> neutral
"your the voice i hear inside my head, the reason that i`m singing, i gotta find you, i need to find you",neutral,negative,neutral -> negative
  AAAAAAHHHHHHHH !!!!!  SOOOOOOOO SWEEEEEEET !!!!!!  I miss that age ..... SOOOO MUCH !,neutral,negative,neutral -> negative
Made it to Wisconsin... Now off to Golden Corral again! dang! lol we missed the graduation! tho  Dang!,negative,neutral,negative -> neutral
RAIN!!!!!!!!!!!! AAAAAAAAAAHHHHHHHH! i`m gonna melt. **** it`s cold. freakin cold.  brrrrrr,negative,neutral,negative -> neutral
Even ARNOLD couldn`t save the parks  http://bit.ly/WSM5J  - How is this providing jobs?,negative,neutral,negative -> neutral
 what`s wrong with dressing in fifties fashion?,neutral,negative,neutral -> negative
" you and the guys should come down here, we are **** freezing out here!",negative,neutral,negative -> neutral
" No! I would like this! Yesterday, I talked with Alyso Stoner xD And Benton sent me a private messae and coment me here!",positive,neutral,positive -> neutral
 that sounds like the scariest zombie dream ever.,negative,positive,negative -> positive
http://twitpic.com/4jkvh - I wasn`t bored really..  my redd converse. I love converse.,positive,neutral,positive -> neutral
"Ok, shortened urls are fine and all but, please, give me more context other than just 'cool'. Not everyone has 'url-auto-expand'",neutral,positive,neutral -> positive
" not in this part of Surrey either, feeling quite a bit nippy I must say. Afternoon to you",positive,neutral,positive -> neutral
Oh no it`s storming... gotta get off the computer.,negative,neutral,negative -> neutral
So my life has come down to nothing more then making choices ill only regret later,negative,neutral,negative -> neutral
http://twitpic.com/4jfkw - AFC! Oh yess,positive,neutral,positive -> neutral
 sure I would like some cream right now,positive,neutral,positive -> neutral
" Not really, injured so can`t do much exercise. The KG`s are coming on already. Also still looking to rent some place!!  Fun times!",positive,negative,positive -> negative
"ï¿½anisalovesu me too. I am so so upset,especially because i fear i won`t get a Jared hug tomorrow",neutral,negative,neutral -> negative
went to bestbuy today and found that they had pretty much ever HP except the one i wanted to look at,positive,neutral,positive -> neutral
"By  Drove a #-mazda #RX8 today and boy, that car is fun! Sadly though, I don`t find my car that much fun any more",neutral,negative,neutral -> negative
" lol nttn much juss mad that its been raining all day, and to add to that i dnt think u following me..",negative,positive,negative -> positive
Ok. Night sweet people  I`ll look for ya tomorrow,neutral,positive,neutral -> positive
 http://twitpic.com/2dmtn - I saw this pic and it reminded me of you in Anna and the King.. so cuuuute little fella,positive,neutral,positive -> neutral
"_1210 holy ****, I need to see that! Too bad I gotta wait until tomorrow",neutral,negative,neutral -> negative
I wanna leave after 2nd period *cryy*,negative,neutral,negative -> neutral
just finished  Emergency - by Neil Strauss - another great read Neil - congrats   miss you by the way!,neutral,positive,neutral -> positive
" Haha yes I do  it`s hard work, too! I didn`t get home until 3:00 AM, not like I sleep haha.",neutral,negative,neutral -> negative
   Hi Bruce  I am trying to eat healthy!  It`s kinda scary when I read 'Eat this Not that'  maggots and rat hair in our food,neutral,negative,neutral -> negative
"Although Wolverine wasn`t a great movie, I don`t think it was as bad as everyone is saying...& at least Taylor Kitsch was in it",neutral,negative,neutral -> negative
 alives.... Less highness feeling.... Sometimes I hate that feelings.... Talking about an exhusband as if he`s dead is funny,neutral,negative,neutral -> negative
Heading home after a long week. Wish someone onther than marketers would follow me,positive,neutral,positive -> neutral
"Well, of course the envelope I have for the book I need to mail is too small...if it had fit....what fun would that be.",neutral,positive,neutral -> positive
at work booo....,negative,neutral,negative -> neutral
"  great pic,have to upload my pix tomo,I`ve no laptop tonight.",positive,neutral,positive -> neutral
" I can`t, I`m studying so I don`t fail  Come over, I`ll make u some tortellini or chicken or a chicken salad.",neutral,negative,neutral -> negative
" Lol, me too!!",positive,neutral,positive -> neutral
is feeling Fab today and missing my boo,neutral,negative,neutral -> negative
"  Good morning, gents!  How are ya today?",neutral,positive,neutral -> positive
 bud light?!?!?!  up in Massachusetts and no Boston Lager?  Guess I won`t catch the next flight   njoy!,positive,neutral,positive -> neutral
" dont be gloomy...go out and get urself ice-cream.or gin,whichever",positive,neutral,positive -> neutral
SEe waT I Mean bOuT FoLL0w fRiiDaYs... It`S cALLed LoSe f0LloWeRs FridAy... smH,neutral,negative,neutral -> negative
 I can`t believe this! Did they give you any reason?,neutral,negative,neutral -> negative
" ... Yay! I can give you a lesson tomorrow, at Church.",positive,neutral,positive -> neutral
Why are all the cool classes being offered this summer?  Boo.,neutral,positive,neutral -> positive
" I think he thought about it, but then I sneezed on him",negative,neutral,negative -> neutral
 That is messed up. I hope your day gets better.,neutral,positive,neutral -> positive
